"","Site","ID","YearAdj1","X5","X3","X6","X7","X8","X19","X9","X11","X10","X17","X12","X16","X13","X14","X29","X23","X21","X33","X34","X30","X28","X35","X32","X37","X38"
"1","1",1,"10-Sep",2,2,2,2,2,2,0,2,0,0,2,0,2,2,0,1,1,0,0,0,0,0,0,0,0
"2","3",1,"12-Nov",2,2,2,2,2,2,2,2,2,2,2,0,2,2,2,0,2,0,0,0,0,0,0,0,0
"3","3",2,"12-Nov",2,2,2,2,2,2,2,2,2,0,2,2,1,2,2,0,0,0,1,1,0,0,0,0,0
"4","3",4,"12-Nov",2,2,2,2,2,2,2,2,2,2,2,2,2,2,2,2,0,2,1,0,1,0,0,1,1
"5","3",5,"12-Nov",2,2,2,2,2,2,2,2,2,2,2,2,1,2,2,1,1,0,1,0,0,0,0,0,0
"6","3",6,"13-14",2,2,2,2,2,2,2,2,2,2,2,2,1,2,2,1,0,2,1,0,0,0,0,1,0
"7","3",8,"13-14",2,2,2,2,2,2,2,2,2,2,2,2,1,2,2,1,1,2,0,0,0,2,2,2,0
"8","3",9,"13-14",2,2,2,2,2,2,2,2,2,2,2,2,1,2,2,0,2,1,1,0,2,0,0,0,0
"9","3",10,"13-14",2,2,2,2,2,2,2,0,2,2,2,2,1,2,1,1,0,0,1,0,2,1,0,0,0
"10","14",1,"10-Sep",2,2,2,2,2,2,2,2,2,2,2,2,2,2,0,1,1,2,1,2,0,0,0,0,0
"11","14",3,"10-Sep",2,2,2,2,2,2,2,2,0,0,0,0,1,0,0,0,0,0,0,0,0,0,0,0,0
"12","14",4,"10-Sep",2,2,2,2,2,0,0,2,0,2,0,0,0,2,0,1,1,0,0,1,0,0,0,0,0
"13","14",5,"10-Sep",2,2,2,2,2,1,0,2,0,0,2,2,1,0,0,1,0,1,0,0,0,0,0,0,0
"14","14",6,"10-Sep",2,2,2,2,2,1,2,0,0,2,0,2,0,2,0,1,0,0,0,0,0,0,0,0,0
"15","14",7,"10-Sep",2,2,2,2,2,2,0,0,2,0,0,0,1,0,0,1,0,0,0,0,0,0,0,0,0
"16","14",9,"12-Nov",2,2,2,2,0,2,2,2,2,2,0,0,1,2,0,0,0,1,0,1,0,0,0,0,0
"17","15",1,"6-May",2,2,2,2,2,2,0,2,2,0,2,2,1,2,0,0,1,0,0,0,0,0,0,0,0
"18","15",2,"8-Jul",2,2,2,2,2,1,2,0,0,0,0,0,0,0,0,0,0,0,0,0,0,0,0,0,0
"19","15",3,"8-Jul",2,2,2,2,2,2,2,0,2,2,2,2,2,2,2,0,0,1,0,1,0,1,1,0,0
"20","15",4,"8-Jul",2,2,2,2,2,2,2,2,2,2,2,2,1,2,2,0,0,2,1,1,0,0,0,0,0
"21","15",5,"10-Sep",2,2,2,2,2,0,0,0,0,0,0,0,0,0,0,0,0,0,0,0,0,0,0,0,0
"22","15",6,"10-Sep",2,2,2,0,0,2,0,2,0,0,2,2,0,2,2,0,0,1,0,0,2,0,0,0,0
"23","15",7,"10-Sep",2,2,2,2,2,2,2,2,0,2,2,2,1,2,0,1,0,0,0,0,0,0,0,0,0
"24","15",8,"10-Sep",2,2,2,2,2,2,2,0,2,0,0,2,2,2,2,1,1,1,1,2,0,2,0,2,1
"25","15",9,"10-Sep",2,2,2,2,2,2,0,2,2,2,2,2,0,1,1,2,2,1,1,2,2,2,2,0,0
"26","15",10,"10-Sep",2,2,2,1,0,0,2,1,2,2,2,0,2,2,1,0,2,2,2,2,2,0,1,2,0
"27","15",11,"10-Sep",2,2,2,2,2,2,0,2,0,0,2,0,2,2,2,0,2,2,0,0,0,2,2,1,1
"28","15",12,"12-Nov",2,2,2,2,2,2,2,2,2,2,2,2,2,2,0,0,2,0,0,2,0,0,0,0,0
"29","15",13,"12-Nov",2,2,2,2,2,2,2,2,2,2,0,2,2,2,2,1,2,2,0,0,0,2,0,0,0
"30","19",1,"13-14",2,2,2,2,2,2,0,2,2,2,2,0,1,2,0,2,2,2,0,0,0,0,0,0,0
"31","19",2,"13-14",2,2,2,2,2,2,2,2,2,2,0,2,2,2,2,2,1,2,1,1,0,0,1,2,0
"32","19",3,"13-14",2,2,2,2,2,2,2,2,2,2,2,2,1,2,2,1,1,0,1,0,1,1,1,0,0
"33","23",1,"6-May",2,2,2,2,0,0,0,0,0,0,0,0,0,0,0,0,0,0,0,0,0,0,0,0,0
"34","23",2,"6-May",2,2,2,2,0,0,2,0,0,0,0,0,0,0,0,0,0,0,0,0,0,0,0,0,0
"35","23",3,"6-May",2,2,2,2,2,0,2,0,0,0,0,0,0,0,0,0,0,0,0,0,0,0,0,0,0
"36","23",4,"6-May",2,2,2,2,0,0,0,0,0,0,0,0,0,0,0,0,0,0,0,0,0,0,0,0,0
"37","23",5,"6-May",2,2,2,2,0,0,0,0,0,0,0,0,0,0,0,0,0,0,0,0,0,0,0,0,0
"38","23",6,"6-May",2,2,2,2,0,0,2,0,0,0,0,0,0,0,0,0,0,0,0,0,0,0,0,0,0
"39","23",7,"6-May",0,2,0,2,0,0,0,0,0,0,0,0,0,0,0,0,0,0,0,0,0,0,0,0,0
"40","23",8,"6-May",2,2,2,2,2,0,0,0,0,0,0,0,0,0,0,0,0,0,0,0,0,0,0,0,0
"41","23",9,"6-May",2,2,2,2,0,0,0,2,0,0,0,0,0,0,0,0,0,0,0,0,0,0,0,0,0
"42","23",10,"6-May",2,2,2,2,0,0,0,0,0,0,0,0,0,0,0,0,0,0,0,0,0,0,0,0,0
"43","25",1,"8-Jul",2,2,2,2,0,0,2,0,0,2,0,0,1,0,0,0,0,0,0,0,0,0,0,0,0
"44","25",2,"8-Jul",2,2,2,2,2,2,0,0,2,0,0,0,1,0,2,0,1,0,0,0,0,0,0,0,0
"45","25",3,"10-Sep",2,2,2,2,2,1,0,2,0,0,2,2,2,0,0,1,0,2,0,1,0,0,0,0,0
"46","25",4,"10-Sep",2,2,2,2,2,2,0,0,0,2,2,0,1,0,2,2,1,0,0,0,2,0,0,0,1
"47","25",5,"10-Sep",2,2,2,2,0,1,0,0,0,0,0,0,0,0,0,0,0,0,0,0,0,0,0,0,0
"48","25",6,"10-Sep",2,2,2,2,2,2,0,2,0,2,0,0,1,0,0,0,1,0,0,0,0,0,0,0,0
"49","29",1,"15-17",2,2,2,1,2,2,2,2,2,2,2,2,0,2,2,1,0,1,1,1,0,0,0,1,0
"50","29",2,"15-17",2,2,2,2,2,2,2,2,2,2,2,2,2,2,2,2,1,1,1,0,2,0,2,0,0
"51","29",3,"15-17",2,2,2,2,2,2,2,2,2,2,2,2,0,0,1,0,0,2,1,0,1,0,0,0,0
"52","29",4,"15-17",2,2,2,1,2,2,2,2,2,0,2,0,0,2,2,0,2,0,0,2,0,0,0,0,1
"53","29",5,"15-17",2,2,2,2,2,2,0,2,2,0,2,2,1,2,2,2,0,1,2,1,0,0,0,2,2
"54","29",6,"15-17",2,2,2,2,2,2,2,2,2,2,2,2,1,0,2,1,0,2,0,2,2,0,2,2,0
"55","29",7,"15-17",2,2,2,2,2,2,2,2,2,2,2,2,0,2,2,2,2,0,1,1,0,0,2,2,2
"56","29",8,"18-21",2,2,2,2,2,2,2,2,2,2,2,2,1,2,2,1,2,0,1,2,2,0,0,0,0
"57","29",9,"18-21",2,2,2,2,2,2,2,0,2,2,2,2,1,0,2,2,2,2,0,2,0,2,0,0,0
"58","30",1,"12-Nov",2,2,2,2,2,2,2,0,0,2,2,2,1,2,2,2,2,1,1,2,2,0,0,0,0
"59","30",2,"12-Nov",2,2,2,2,2,2,2,2,2,2,2,2,0,2,0,2,1,1,0,2,0,2,1,2,0
"60","30",3,"12-Nov",2,2,2,2,2,2,2,2,2,2,2,2,1,2,2,0,1,2,1,1,1,2,1,0,0
"61","30",4,"12-Nov",2,2,2,2,2,2,2,2,2,2,2,2,1,2,2,2,2,2,1,0,0,0,0,0,0
"62","30",5,"12-Nov",2,2,2,2,2,2,2,2,2,0,0,2,0,2,0,1,2,0,0,1,0,0,1,0,0
"63","30",6,"13-14",2,2,2,2,2,2,2,2,2,2,0,2,1,2,2,1,0,0,0,1,0,0,1,0,0
"64","30",7,"13-14",2,2,2,2,2,2,2,2,2,2,2,2,2,2,2,2,2,2,2,2,2,2,2,2,2
"65","30",8,"13-14",2,2,2,2,2,2,2,2,2,2,2,2,2,0,2,2,2,2,2,2,2,0,1,0,0
"66","30",9,"13-14",2,2,2,2,2,2,2,2,2,2,2,2,2,2,0,1,2,0,2,1,0,0,0,2,1
"67","30",10,"13-14",2,2,2,2,2,2,2,0,0,0,2,2,2,2,2,2,2,1,0,2,0,0,1,2,1
"68","34",1,"10-Sep",2,2,2,2,2,2,2,0,0,2,2,0,0,0,2,2,0,0,0,0,0,0,0,0,0
"69","34",2,"10-Sep",2,2,2,2,2,2,2,2,2,0,2,0,0,2,0,1,0,1,0,0,0,0,0,0,0
"70","34",3,"10-Sep",2,2,2,2,2,0,0,0,0,0,0,0,0,0,0,0,0,0,0,0,0,0,0,0,0
"71","34",4,"10-Sep",2,2,2,2,2,2,2,2,0,2,2,0,0,2,0,2,0,0,0,0,0,0,0,0,0
"72","34",5,"10-Sep",2,2,2,2,2,2,2,2,2,2,0,0,1,2,0,0,0,0,1,0,0,0,0,0,0
"73","34",6,"12-Nov",2,2,2,2,2,2,2,0,0,2,2,0,0,2,0,0,0,0,0,0,0,0,0,0,0
"74","34",7,"12-Nov",2,2,2,2,2,1,0,0,0,0,2,2,0,0,0,0,2,0,0,0,0,0,0,0,0
"75","34",8,"12-Nov",0,2,2,2,2,1,2,2,0,2,0,0,2,2,2,1,0,1,1,2,0,0,0,0,0
"76","34",9,"12-Nov",2,2,2,2,2,2,2,2,0,2,2,2,0,2,0,2,1,0,0,0,2,0,0,1,0
"77","34",10,"12-Nov",2,2,2,2,2,2,2,2,2,0,2,2,1,2,2,0,1,0,0,0,2,0,1,0,0
"78","35",1,"6-May",2,2,2,2,0,0,0,0,0,0,0,0,0,0,0,0,0,0,0,0,0,0,0,0,0
"79","35",2,"6-May",2,2,2,2,2,0,0,0,0,2,0,0,0,0,0,0,0,0,0,0,0,0,0,0,0
"80","35",3,"6-May",2,2,2,2,0,0,0,0,0,0,0,0,0,0,0,0,0,0,0,0,0,0,0,0,0
"81","35",4,"6-May",2,2,2,2,0,0,0,0,0,0,0,0,0,0,0,0,0,0,0,0,0,0,0,0,0
"82","35",5,"6-May",2,2,0,0,2,0,0,0,0,0,0,0,0,0,0,0,0,0,0,0,0,0,0,0,0
"83","35",6,"6-May",2,2,2,2,0,0,0,0,0,0,0,0,0,0,0,0,0,0,0,0,0,0,0,0,0
"84","35",7,"6-May",2,2,0,2,0,1,0,0,0,2,0,0,1,0,0,0,0,0,0,0,0,0,0,0,0
"85","35",8,"6-May",2,2,0,2,0,0,0,0,2,0,0,0,0,0,0,0,0,0,0,0,0,0,0,0,0
"86","35",9,"6-May",2,2,2,2,2,0,0,0,0,0,0,0,0,0,0,0,0,0,0,0,0,0,0,0,0
"87","35",10,"6-May",2,2,0,0,0,0,0,0,0,0,0,0,0,0,0,0,0,0,0,0,0,0,0,0,0
"88","35",11,"6-May",2,2,2,2,2,0,0,2,0,2,2,0,1,0,0,0,0,0,0,0,0,0,0,0,0
"89","35",12,"6-May",2,2,2,2,2,0,2,2,2,0,2,0,2,0,0,0,0,0,0,0,0,0,0,0,0
"90","35",13,"6-May",2,2,2,2,2,0,2,2,0,0,0,0,1,0,0,0,0,0,0,0,0,0,0,0,0
"91","35",14,"6-May",2,2,0,0,0,0,0,0,0,0,0,0,0,0,0,0,0,0,0,0,0,0,0,0,0
"92","35",15,"6-May",2,2,2,2,2,0,0,2,2,2,2,0,1,0,0,0,0,0,0,0,0,0,0,0,0
"93","35",16,"6-May",2,2,2,2,2,0,0,0,0,0,0,0,0,0,0,0,0,0,0,0,0,0,0,0,0
"94","35",17,"6-May",2,2,2,1,2,0,0,0,0,0,0,0,0,0,0,0,0,0,0,0,0,0,0,0,0
"95","35",18,"8-Jul",2,2,2,0,0,0,0,0,0,0,0,0,0,0,0,0,0,0,0,0,0,0,0,0,0
"96","35",19,"8-Jul",2,0,0,0,0,0,0,0,0,0,0,0,0,0,0,0,0,0,0,0,0,0,0,0,0
"97","35",20,"8-Jul",2,2,2,2,2,0,0,2,2,0,0,0,0,0,0,0,0,0,0,0,0,0,0,0,0
"98","36",1,"15-17",2,2,2,2,2,2,2,2,2,2,2,2,2,2,2,1,1,2,0,1,0,0,2,0,0
"99","36",2,"15-17",2,2,2,2,2,2,2,2,2,2,2,2,1,2,2,2,1,2,0,0,0,0,2,0,0
"100","37",1,"12-Nov",2,2,2,2,2,2,2,2,0,2,2,2,0,2,2,2,1,2,1,2,2,0,0,0,0
"101","37",2,"12-Nov",2,2,2,2,2,2,0,2,2,2,0,2,0,2,2,1,0,1,1,1,0,0,0,0,0
"102","37",3,"12-Nov",2,2,2,2,2,2,0,0,2,0,2,0,1,2,2,1,0,0,1,1,0,1,0,2,0
"103","37",4,"12-Nov",2,2,2,2,2,2,2,2,2,2,2,2,2,2,2,2,2,1,1,2,1,0,2,0,1
"104","37",5,"12-Nov",2,2,2,2,2,2,2,2,2,2,2,2,2,2,2,2,2,2,2,2,2,2,2,2,1
"105","37",6,"13-14",2,2,2,2,2,2,0,2,2,2,2,2,1,2,2,1,2,1,0,2,0,0,2,0,0
"106","37",7,"15-17",2,2,2,2,2,2,2,2,2,0,2,2,2,2,2,2,2,2,2,2,2,2,2,2,2
"107","37",8,"18-21",2,2,2,2,2,2,2,2,2,2,2,2,2,2,2,1,2,2,2,2,2,2,2,2,2
"108","38",1,"18-21",2,2,2,1,2,2,1,2,2,2,2,2,0,2,2,2,2,2,1,1,2,1,1,2,0
"109","38",2,"18-21",2,2,2,2,2,2,2,2,2,2,2,2,1,2,2,2,0,2,2,1,2,0,1,0,1
"110","38",3,"18-21",2,2,2,2,2,2,2,2,2,2,2,2,2,2,2,1,2,2,2,1,2,2,0,0,1
"111","38",4,"18-21",2,2,2,2,2,2,2,2,2,2,2,2,0,2,2,0,2,0,1,1,2,1,0,0,1
"112","38",5,"18-21",2,2,2,2,2,1,2,0,2,2,2,2,1,2,1,1,1,1,1,0,2,0,0,0,0
"113","38",6,"18-21",2,2,2,2,2,2,2,2,2,2,2,2,1,2,2,1,1,2,1,1,1,0,1,0,0
"114","39",1,"8-Jul",2,2,2,2,2,2,2,0,2,2,2,2,2,2,2,1,0,0,0,1,0,0,0,0,0
"115","39",2,"8-Jul",2,2,2,2,2,2,2,2,2,0,0,0,1,2,0,0,0,0,0,0,0,0,0,0,0
"116","39",3,"8-Jul",2,2,2,2,0,2,0,2,2,2,0,2,1,2,2,2,0,2,1,1,2,0,0,2,0
"117","39",4,"10-Sep",2,2,2,2,2,2,0,0,0,2,0,2,0,2,0,0,0,0,0,0,0,0,0,0,0
"118","39",5,"10-Sep",2,2,2,2,2,2,2,2,2,2,2,2,0,2,2,2,2,0,2,2,0,2,0,2,0
"119","39",6,"10-Sep",2,2,2,2,2,2,0,0,2,0,2,2,0,2,0,2,0,2,2,0,0,0,0,0,0
"120","39",7,"10-Sep",2,2,2,2,2,2,0,2,2,2,2,0,1,0,2,0,0,0,0,0,0,0,0,0,0
"121","39",8,"10-Sep",2,2,2,2,2,2,0,0,2,0,0,0,0,0,0,0,0,0,0,0,0,0,0,0,0
"122","39",9,"13-14",2,2,2,2,2,2,2,2,2,2,2,2,2,2,2,0,2,1,2,2,2,2,2,2,2
"123","40",1,"12-Nov",2,2,2,2,2,2,2,2,2,2,2,0,1,2,2,0,0,1,0,0,0,0,0,0,0
"124","40",2,"12-Nov",2,2,2,2,2,2,0,2,2,2,2,2,1,2,2,1,0,0,0,0,0,0,0,0,0
"125","40",3,"12-Nov",2,2,2,2,2,2,2,2,2,2,2,2,1,2,2,0,1,0,0,0,1,1,0,0,0
"126","40",4,"12-Nov",2,2,2,2,2,2,0,0,2,2,2,2,1,2,0,1,0,0,2,0,0,0,0,0,0
"127","40",5,"12-Nov",2,2,2,2,2,2,2,2,2,2,2,2,2,2,2,2,0,0,1,1,0,0,0,0,0
"128","40",6,"15-17",2,2,2,2,2,2,2,2,2,2,2,2,1,2,2,1,2,2,0,1,0,0,0,0,0
"129","40",7,"15-17",2,2,2,2,2,2,0,2,2,0,2,2,2,2,2,2,1,0,0,1,2,0,1,0,0
"130","40",8,"15-17",2,2,2,2,0,2,0,2,2,2,2,0,0,0,0,0,0,0,0,0,0,0,0,0,0
"131","40",9,"15-17",2,2,2,2,2,2,2,2,2,0,2,2,1,0,2,2,0,1,0,0,0,0,0,0,0
"132","40",10,"15-17",2,2,2,2,2,2,2,2,2,0,0,2,0,2,2,0,1,0,0,0,2,0,0,0,0
"133","41",1,"8-Jul",0,2,2,2,2,2,2,0,0,2,0,0,0,0,0,0,0,0,0,0,0,0,0,0,0
"134","41",2,"10-Sep",2,2,2,2,2,2,0,2,0,2,2,2,2,2,2,1,0,1,0,1,0,0,0,0,0
"135","41",3,"10-Sep",2,2,2,2,2,2,2,2,2,2,2,0,2,2,2,0,1,2,1,0,0,0,2,0,0
"136","41",4,"12-Nov",2,2,2,2,2,2,0,0,2,0,2,0,0,2,0,0,1,1,0,2,0,0,0,0,0
"137","41",5,"12-Nov",2,2,2,2,2,2,2,2,2,2,2,2,0,2,2,2,2,2,0,2,2,2,2,0,0
"138","41",6,"12-Nov",2,2,2,2,2,2,0,0,2,2,0,2,0,2,2,1,1,1,0,0,2,0,0,0,0
"139","41",7,"12-Nov",2,2,2,2,2,2,2,2,2,2,0,0,0,2,2,2,0,0,1,2,1,0,2,1,0
"140","41",8,"12-Nov",2,2,2,2,2,2,2,2,2,2,2,2,0,2,0,2,0,2,0,0,0,0,0,0,0
"141","42",1,"8-Jul",2,2,2,2,2,0,0,0,0,0,0,0,0,0,0,0,0,0,0,0,0,0,0,0,0
"142","42",2,"10-Sep",2,2,2,2,2,0,0,0,0,0,0,0,0,0,0,0,0,0,0,0,0,0,0,0,0
"143","42",3,"12-Nov",2,2,2,2,2,0,0,0,2,0,0,0,1,2,0,0,0,0,0,0,0,0,0,0,0
"144","42",4,"12-Nov",2,2,2,2,2,2,2,0,0,2,0,0,1,0,0,0,0,0,0,0,0,0,0,0,0
"145","42",5,"12-Nov",2,2,2,2,2,2,0,0,0,0,0,0,0,0,0,0,0,0,0,0,0,0,0,0,0
"146","43",1,"8-Jul",2,2,2,2,2,0,2,0,0,0,2,0,1,2,0,1,1,0,0,0,0,0,0,0,0
"147","43",2,"8-Jul",2,2,2,2,2,2,0,2,2,0,0,0,0,0,0,0,0,0,0,0,0,0,0,0,0
"148","43",3,"8-Jul",2,2,2,2,0,2,2,0,2,2,2,2,0,2,0,1,0,0,0,0,0,0,0,0,0
"149","43",4,"8-Jul",2,2,2,2,2,1,0,0,0,0,2,0,0,0,0,1,1,0,0,0,0,0,0,0,0
"150","43",5,"8-Jul",2,2,2,2,2,2,0,2,2,0,0,2,0,0,0,0,2,0,0,0,2,0,0,0,0
"151","43",7,"8-Jul",2,2,2,2,2,2,0,2,0,0,0,0,0,0,0,0,0,0,0,0,0,0,0,0,0
"152","43",8,"8-Jul",2,2,2,2,2,0,2,2,0,0,2,0,1,0,0,0,0,0,0,0,0,0,0,0,0
"153","44",1,"8-Jul",2,2,2,2,2,0,2,2,2,0,0,2,0,0,0,0,0,0,0,0,0,0,0,0,0
"154","44",2,"10-Sep",2,2,2,2,2,1,2,0,0,0,0,2,0,0,2,1,0,1,0,0,0,0,0,0,0
"155","44",3,"12-Nov",2,2,2,2,2,2,0,2,0,2,2,2,0,0,1,0,0,0,0,0,0,0,0,0,0
"156","44",4,"13-14",2,2,2,2,2,2,2,2,2,2,2,0,2,2,0,0,1,1,0,1,0,0,2,2,0
"157","44",5,"13-14",2,2,2,2,2,2,0,0,2,2,2,2,1,0,1,1,1,0,0,0,0,0,0,0,0
"158","45",1,"8-Jul",2,2,2,2,2,2,0,0,0,2,0,2,0,0,2,1,0,1,0,0,0,0,0,0,0
"159","45",2,"8-Jul",0,2,2,2,2,2,0,2,2,2,2,0,1,2,0,0,2,1,1,0,0,0,0,0,0
"160","45",3,"8-Jul",2,2,2,2,2,2,0,0,0,2,2,2,1,2,2,1,0,0,1,0,0,0,0,0,0
"161","45",4,"8-Jul",2,2,2,2,2,1,0,0,2,2,0,0,1,1,2,1,0,1,1,0,0,0,0,0,0
"162","45",5,"8-Jul",2,2,2,2,0,0,2,0,2,2,2,2,0,0,2,1,1,0,0,1,0,0,0,0,0
"163","45",6,"8-Jul",2,2,2,2,0,2,0,2,2,0,0,0,0,2,0,1,1,0,0,0,0,0,0,0,0
"164","45",7,"8-Jul",2,2,2,2,2,1,2,2,2,2,2,0,1,2,0,0,0,0,1,0,0,0,0,0,0
"165","45",8,"8-Jul",2,2,2,2,2,2,2,0,2,0,2,2,0,2,2,2,2,0,0,0,0,0,0,0,0
"166","47",1,"8-Jul",2,2,2,2,2,2,0,0,0,2,2,2,1,2,0,0,0,0,0,0,0,0,0,0,0
"167","47",2,"8-Jul",2,2,2,2,2,0,0,0,0,0,0,0,0,0,0,0,0,0,0,0,0,0,0,0,0
"168","47",3,"8-Jul",2,2,2,2,0,0,0,2,0,0,0,0,0,0,0,0,0,0,0,0,0,0,0,0,0
"169","47",4,"10-Sep",2,2,2,0,0,0,0,0,0,0,0,0,0,0,0,0,0,0,0,0,0,0,0,0,0
"170","47",5,"10-Sep",2,2,2,2,0,0,0,0,0,0,0,0,0,0,0,0,0,0,0,0,0,0,0,0,0
"171","47",6,"10-Sep",2,2,2,2,2,2,0,0,0,2,0,2,1,0,0,0,0,0,0,0,0,0,0,0,0
"172","47",7,"10-Sep",0,2,2,2,0,2,0,2,2,0,0,2,1,2,0,0,1,1,0,0,0,0,0,0,0
"173","48",1,"6-May",2,2,2,2,0,2,0,0,0,0,0,0,0,0,0,0,0,0,0,0,0,0,0,0,0
"174","48",2,"6-May",2,2,2,2,0,0,0,0,0,0,0,0,0,0,0,0,0,0,0,0,0,0,0,0,0
"175","48",3,"6-May",2,2,2,2,2,0,0,2,0,2,0,0,0,0,0,0,0,0,0,0,0,0,0,0,0
"176","48",4,"6-May",2,2,2,2,2,0,0,0,0,0,0,0,0,0,0,0,0,0,0,0,0,0,0,0,0
"177","48",5,"6-May",2,2,2,2,2,0,0,0,0,0,0,0,0,0,0,0,0,0,0,0,0,0,0,0,0
"178","48",6,"6-May",2,2,2,0,0,0,2,0,0,0,2,0,2,2,0,0,0,0,0,0,0,0,0,0,0
"179","48",7,"6-May",2,2,2,2,0,0,0,0,0,0,0,0,0,0,0,0,0,0,0,0,0,0,0,0,0
"180","48",8,"6-May",2,2,2,2,2,1,2,0,0,2,2,0,1,0,0,1,1,0,0,0,0,0,0,0,0
"181","48",9,"6-May",2,2,2,2,2,1,0,0,0,0,0,0,0,0,0,0,0,0,0,0,0,0,0,0,0
"182","49",1,"18-21",2,2,2,1,2,2,1,2,2,2,2,2,2,2,2,2,2,0,1,2,0,2,0,2,1
"183","49",2,"18-21",2,2,2,1,2,2,2,2,2,2,2,2,0,2,2,2,2,2,1,2,0,0,0,0,0
"184","49",3,"18-21",2,2,2,2,2,2,0,2,2,2,2,2,1,2,2,0,2,2,2,0,0,0,1,0,1
"185","49",4,"18-21",2,2,2,2,2,2,2,2,2,2,2,2,2,2,2,2,1,2,1,2,0,0,1,2,2
"186","49",5,"18-21",2,2,2,2,2,2,2,2,2,2,2,2,2,2,2,1,0,1,1,2,0,0,1,0,2
"187","49",6,"18-21",2,2,2,1,2,2,2,2,2,2,2,0,1,0,2,1,0,0,0,2,0,0,0,0,2
"188","49",7,"18-21",2,2,2,2,0,2,0,2,0,2,2,2,2,2,2,1,0,2,0,1,0,0,0,2,0
"189","49",8,"18-21",2,2,2,1,2,2,2,0,2,0,2,2,1,2,2,2,2,0,0,2,2,2,0,2,0
"190","49",9,"18-21",2,2,2,2,2,2,0,2,2,2,2,2,2,2,2,2,2,2,2,2,2,0,1,0,2
"191","49",10,"18-21",2,2,2,2,2,2,2,2,0,2,2,2,2,2,2,2,0,2,0,2,2,0,1,1,1
"192","50",1,"18-21",2,2,2,2,2,2,2,2,2,2,2,2,2,2,2,0,1,2,2,1,2,0,1,2,2
"193","50",2,"18-21",2,2,2,2,2,2,2,0,2,2,2,2,2,2,2,1,1,0,1,2,0,0,0,0,0
"194","50",3,"18-21",2,2,2,2,2,2,0,2,0,2,2,2,1,2,0,1,0,0,0,0,0,0,0,0,0
"195","50",4,"18-21",2,2,2,0,2,2,2,2,2,2,2,2,1,2,2,1,0,2,0,2,2,0,1,2,1
"196","51",1,"6-May",2,2,2,2,0,0,0,2,0,0,2,0,1,0,0,0,0,0,0,0,0,0,0,0,0
"197","51",2,"6-May",0,2,2,2,0,1,0,0,0,2,0,0,0,2,0,0,0,0,0,0,0,0,0,0,0
"198","51",3,"6-May",2,2,2,2,2,1,2,0,2,2,0,0,0,0,0,0,0,0,0,0,0,0,0,0,0
"199","51",4,"6-May",2,2,2,1,2,0,0,2,0,0,0,0,1,2,0,0,1,0,0,0,0,0,0,0,0
"200","51",5,"6-May",2,2,2,2,0,1,2,0,2,0,0,0,0,0,0,0,0,0,0,0,0,0,0,0,0
"201","51",6,"6-May",2,2,2,2,2,1,0,0,0,2,0,0,0,0,0,0,0,0,0,0,0,0,0,0,0
"202","51",7,"6-May",2,2,2,2,0,0,0,0,0,0,0,0,0,0,0,0,0,0,0,0,0,0,0,0,0
"203","51",8,"6-May",2,2,2,2,0,2,0,0,0,0,0,0,0,0,0,0,0,0,0,0,0,0,0,0,0
"204","51",9,"6-May",0,2,2,2,2,1,2,0,0,2,2,0,0,0,0,2,0,0,0,0,0,0,0,0,0
"205","51",10,"6-May",2,2,2,2,2,0,2,0,0,0,0,2,1,0,0,0,1,0,0,0,0,0,0,0,0
"206","52",1,"10-Sep",2,2,2,2,2,2,2,2,2,2,2,2,2,0,0,2,0,0,0,0,0,0,0,0,0
"207","52",2,"10-Sep",2,2,2,2,0,0,0,0,0,0,0,0,0,0,0,0,0,0,0,0,0,0,0,0,0
"208","52",3,"10-Sep",2,2,2,2,2,2,2,2,0,2,2,2,1,2,2,1,1,0,0,0,2,0,0,0,0
"209","52",4,"10-Sep",2,2,2,2,2,2,2,2,0,2,0,2,2,0,0,0,1,2,0,0,0,2,1,1,0
"210","52",5,"10-Sep",2,2,2,2,2,2,0,0,0,2,0,2,0,0,1,0,1,0,0,0,2,0,0,0,0
"211","52",6,"12-Nov",2,2,2,2,2,2,2,2,2,2,2,0,1,2,0,2,2,0,0,2,0,2,0,0,0
"212","52",7,"12-Nov",2,2,2,2,2,2,0,2,2,0,2,0,0,2,2,1,2,1,0,2,0,0,1,0,0
"213","52",8,"12-Nov",2,2,2,2,2,2,0,2,2,0,0,2,1,2,2,2,1,0,0,1,0,2,0,0,0
"214","52",9,"12-Nov",2,2,2,2,2,2,2,2,2,2,2,2,1,2,2,1,1,0,1,0,0,0,0,0,0
"215","52",10,"12-Nov",2,2,2,2,2,2,2,0,2,0,2,2,1,2,2,2,0,2,0,2,2,2,1,2,2
"216","53",1,"8-Jul",2,2,2,2,2,2,2,2,2,2,0,0,2,2,0,1,0,0,0,0,0,0,0,0,0
"217","53",2,"8-Jul",2,2,2,2,2,2,0,2,0,2,2,2,0,2,2,2,0,0,0,0,0,0,0,0,0
"218","53",3,"8-Jul",2,2,2,2,2,0,0,2,0,0,2,2,0,2,0,0,0,0,0,0,0,0,0,0,0
"219","53",4,"8-Jul",2,2,2,2,2,2,2,0,2,2,0,0,0,2,0,1,1,1,0,2,0,0,0,0,0
"220","53",5,"13-14",2,2,2,2,2,2,2,2,2,2,2,2,2,2,2,2,2,2,1,2,2,2,1,0,0
"221","53",6,"13-14",2,2,2,2,2,2,2,2,2,0,2,2,0,2,2,0,1,1,1,2,0,2,0,0,0
"222","53",7,"13-14",2,2,2,2,2,2,0,2,2,2,2,0,2,2,2,2,1,2,0,2,0,2,0,1,1
"223","53",8,"13-14",2,2,2,2,2,2,2,2,2,2,2,2,2,2,2,0,2,0,0,0,2,0,0,2,1
"224","54",1,"10-Sep",0,2,0,0,0,0,0,0,0,0,0,0,0,0,0,0,0,0,0,0,0,0,0,0,0
"225","54",3,"10-Sep",2,2,2,2,2,2,0,0,2,0,0,0,0,0,0,0,0,0,0,0,0,0,0,0,0
"226","54",4,"13-14",2,2,2,2,2,2,2,2,2,2,2,2,2,2,2,2,1,2,0,1,0,0,2,2,1
"227","54",5,"15-17",2,2,2,2,2,2,2,2,2,0,2,2,0,2,2,1,0,1,1,0,0,0,2,2,2
"228","54",6,"15-17",2,2,2,2,2,2,2,2,2,0,2,2,2,2,2,2,2,0,0,1,0,0,2,2,1
"229","54",7,"15-17",2,2,2,2,2,2,2,2,2,2,2,2,2,2,2,2,2,2,2,2,0,2,2,0,0
"230","54",8,"15-17",2,2,2,2,2,2,2,2,2,2,2,2,2,2,2,1,2,2,2,2,0,2,2,0,2
"231","55",1,"13-14",2,2,2,2,2,2,2,2,2,2,2,2,0,2,2,1,2,0,0,0,0,0,0,0,0
"232","55",2,"13-14",2,2,2,2,2,2,2,2,2,2,2,0,2,0,2,0,2,2,1,2,2,2,1,2,0
"233","55",3,"13-14",2,2,2,2,2,2,2,2,2,2,2,2,2,2,2,1,0,2,0,0,2,2,2,1,1
"234","55",4,"13-14",2,2,2,2,2,2,2,2,2,2,2,2,2,2,2,1,2,0,1,0,0,0,2,0,0
"235","56",1,"18-21",2,2,2,2,2,2,2,2,2,2,2,2,2,2,2,2,2,2,2,2,2,2,1,2,2
"236","56",2,"18-21",2,2,2,2,2,2,2,2,2,2,2,2,2,2,2,2,1,2,2,1,0,0,0,0,2
"237","56",3,"18-21",2,2,2,2,2,2,2,2,2,2,2,2,2,2,2,2,1,1,1,1,2,0,0,0,0
"238","56",4,"18-21",2,2,2,2,2,2,2,2,2,2,2,2,2,0,2,1,0,2,2,1,0,2,1,2,2
"239","56",5,"18-21",2,2,0,2,2,2,2,2,2,2,2,2,1,2,2,0,2,1,2,0,2,0,0,2,1
"240","56",6,"18-21",2,2,2,2,2,2,2,2,2,2,2,2,1,2,2,2,0,2,1,2,0,2,0,0,0
"241","56",7,"18-21",2,2,2,2,2,2,0,2,2,0,2,2,1,0,2,2,2,2,1,0,2,2,2,0,1
"242","56",8,"18-21",2,2,2,2,2,2,2,2,2,2,2,2,2,2,2,2,2,2,2,2,2,2,2,2,0
"243","56",9,"18-21",2,2,2,2,2,2,2,2,2,2,2,2,2,2,2,2,1,2,1,0,2,0,0,2,2
"244","56",10,"18-21",2,2,2,1,2,2,2,2,2,2,2,2,1,0,2,2,2,0,1,1,0,0,0,2,2
"245","56",11,"18-21",2,2,2,2,2,2,2,2,2,2,2,2,2,2,2,2,1,2,2,2,2,2,1,2,2
"246","57",1,"6-May",0,0,0,0,0,0,0,0,0,0,0,0,0,0,0,0,0,0,0,0,0,0,0,0,0
"247","57",2,"6-May",2,2,2,0,2,0,0,2,0,0,0,2,0,0,0,0,0,0,0,0,0,0,0,0,0
"248","57",3,"6-May",2,2,2,2,0,1,0,0,0,0,0,0,0,0,0,0,0,0,0,0,0,0,0,0,0
"249","57",4,"6-May",2,2,2,2,0,0,0,2,0,0,2,0,1,0,0,0,0,0,0,0,0,0,0,0,0
"250","57",5,"6-May",2,2,2,2,0,2,2,2,2,2,2,0,0,0,0,0,0,0,0,0,0,0,0,0,0
"251","57",6,"8-Jul",2,2,2,2,0,1,2,2,0,2,0,0,0,2,0,0,2,0,0,0,0,0,0,0,0
"252","57",7,"8-Jul",2,2,2,2,2,2,2,2,2,2,2,2,1,2,0,0,1,0,0,0,0,0,0,0,0
"253","57",8,"8-Jul",2,2,2,2,0,0,0,0,0,0,0,0,0,0,0,0,0,0,0,0,0,0,0,0,0
"254","57",9,"8-Jul",2,2,2,2,2,1,0,2,0,0,0,0,1,0,0,0,0,0,0,0,0,0,0,0,0
"255","57",10,"8-Jul",2,2,2,2,0,0,0,0,0,0,0,0,0,0,0,0,0,0,0,0,0,0,0,0,0
"256","58",1,"8-Jul",2,2,2,2,2,2,0,0,0,2,0,0,0,0,0,0,0,0,0,0,0,0,0,0,0
"257","58",2,"10-Sep",2,2,2,2,2,2,2,2,2,2,0,2,2,2,2,2,2,2,0,0,0,2,0,2,0
"258","58",3,"10-Sep",2,2,2,2,2,2,2,2,2,0,0,0,2,0,2,2,1,1,0,2,1,0,0,0,0
"259","58",4,"12-Nov",0,2,2,2,2,2,2,2,2,0,2,2,1,2,2,0,2,0,1,2,0,0,0,0,0
"260","58",5,"13-14",2,2,2,2,2,2,2,2,2,2,2,2,2,2,2,0,2,1,2,2,0,2,2,2,1
"261","58",6,"13-14",2,2,2,2,2,2,0,2,2,2,2,2,2,2,2,1,2,2,2,1,2,0,1,0,0
"262","59",1,"12-Nov",2,2,2,2,2,2,2,0,2,2,0,2,2,0,2,2,2,0,1,2,1,0,0,2,0
"263","59",2,"13-14",2,2,2,2,2,2,0,2,2,2,2,0,2,2,2,0,2,0,2,2,2,0,1,2,0
"264","59",3,"13-14",2,2,2,2,2,2,2,2,2,2,2,2,1,2,2,1,2,0,1,1,0,2,2,0,0
"265","59",4,"13-14",2,2,2,2,2,2,2,2,2,0,2,2,2,2,2,1,2,2,1,1,1,2,0,1,1
"266","59",5,"13-14",2,2,2,2,2,2,2,2,2,2,2,2,1,0,2,2,2,2,0,1,2,0,1,1,0
"267","59",6,"13-14",2,2,2,2,2,2,2,0,2,2,2,2,1,2,2,2,0,1,0,0,0,0,0,0,0
"268","59",7,"15-17",2,2,2,2,2,2,2,2,0,2,2,0,1,0,2,2,0,1,1,1,2,1,1,2,1
"269","60",1,"8-Jul",2,2,2,2,0,1,0,0,0,0,2,0,0,2,2,0,0,0,0,0,0,0,0,0,0
"270","60",2,"8-Jul",2,2,2,2,2,1,2,2,2,0,2,2,2,2,1,2,1,2,0,2,0,0,1,0,0
"271","60",3,"8-Jul",2,2,2,2,2,2,0,2,0,2,2,0,1,2,0,2,0,0,0,0,0,0,0,0,0
"272","60",4,"8-Jul",2,2,2,1,0,2,2,2,0,2,2,2,0,2,0,0,0,0,0,0,0,0,0,0,0
"273","60",5,"10-Sep",2,2,2,2,2,2,2,2,2,2,0,2,0,0,1,0,1,0,0,0,0,0,0,0,0
"274","60",6,"10-Sep",2,2,2,2,2,2,0,2,2,0,2,2,0,0,0,0,1,0,0,0,1,0,0,0,0
"275","60",7,"10-Sep",2,2,2,2,0,0,0,2,2,0,2,0,0,2,0,0,1,0,1,1,0,0,0,0,0
"276","61",1,"8-Jul",2,2,2,2,0,1,0,0,0,0,2,0,0,0,0,0,0,0,0,0,0,0,0,0,0
"277","61",2,"8-Jul",2,2,2,2,2,2,2,0,0,0,2,0,0,2,0,0,1,1,0,0,0,0,0,0,0
"278","61",3,"10-Sep",2,2,2,2,2,2,0,0,0,0,0,0,0,0,0,0,0,0,0,0,0,0,0,0,0
"279","61",4,"12-Nov",2,2,2,2,2,1,0,0,0,2,2,0,0,2,2,0,0,0,0,2,0,0,0,0,0
"280","61",5,"13-14",2,2,2,1,0,2,1,2,2,0,2,2,2,2,0,2,2,0,0,2,2,2,2,2,2
"281","61",6,"15-17",2,2,2,2,2,2,2,0,2,2,2,2,0,2,2,2,1,1,1,0,2,0,1,2,0
"282","61",7,"15-17",2,2,2,2,2,2,2,2,2,2,2,2,2,2,2,1,2,2,1,1,2,0,1,0,0
"283","61",8,"15-17",2,2,2,1,2,2,2,2,2,2,2,2,2,2,2,1,2,2,1,0,1,2,2,0,1
"284","61",9,"15-17",2,2,2,2,2,2,2,2,2,2,0,2,2,2,2,2,2,2,2,2,1,0,1,2,2
"285","61",10,"18-21",2,2,2,2,2,2,2,2,2,2,0,2,2,2,2,2,1,2,2,2,2,2,1,2,0
"286","62",1,"10-Sep",2,2,2,2,2,2,0,2,0,2,0,0,1,0,2,0,0,0,1,0,0,0,0,0,0
"287","62",2,"10-Sep",2,2,2,2,2,2,0,2,2,2,2,0,1,2,2,1,0,0,0,0,0,0,0,0,0
"288","62",3,"10-Sep",2,2,2,2,2,2,2,2,2,0,2,0,0,2,2,1,2,1,1,0,0,0,0,0,0
"289","62",4,"10-Sep",2,2,2,1,2,1,0,2,0,2,2,0,0,2,0,1,0,0,0,0,0,0,0,0,0
"290","62",5,"12-Nov",2,2,2,2,2,2,2,2,2,0,0,2,0,2,2,2,1,0,0,2,0,0,0,0,2
"291","62",7,"12-Nov",2,2,2,2,2,2,2,2,0,2,2,2,2,2,2,0,0,2,1,1,0,2,2,0,0
"292","62",8,"12-Nov",2,2,2,2,2,2,0,2,2,2,2,2,2,2,2,2,0,2,0,2,2,2,2,0,0
"293","62",9,"12-Nov",2,2,2,2,2,0,2,2,2,2,2,2,2,0,2,2,1,2,2,1,2,0,0,0,1
"294","62",10,"13-14",2,2,2,2,2,2,2,0,2,2,2,2,2,2,2,2,0,0,2,0,2,0,1,0,0
"295","63",1,"12-Nov",2,2,2,2,2,2,2,0,2,0,0,2,0,0,0,0,2,0,0,0,2,0,0,0,0
"296","63",2,"6-May",0,2,2,2,0,1,0,0,0,0,0,0,0,0,0,0,0,0,0,0,0,0,0,0,0
"297","63",3,"6-May",0,2,2,2,2,2,0,0,2,0,2,0,1,2,0,0,0,0,0,0,0,0,0,0,0
"298","63",4,"8-Jul",2,2,2,2,0,0,0,0,2,0,2,0,1,0,0,0,0,0,0,0,0,0,0,0,0
"299","63",5,"8-Jul",2,2,2,2,2,2,2,2,2,0,2,2,1,0,0,2,1,0,0,2,0,0,0,0,0
"300","63",6,"8-Jul",2,2,2,2,0,0,2,0,0,0,0,0,0,0,0,0,0,0,0,0,0,0,0,0,0
"301","63",7,"8-Jul",0,2,2,2,2,0,0,2,0,0,2,2,0,0,0,0,0,0,0,0,0,0,0,0,0
"302","63",8,"12-Nov",2,2,2,1,2,2,2,2,2,2,2,2,2,2,2,2,2,0,0,2,0,2,0,0,0
"303","63",9,"12-Nov",2,2,2,2,2,2,2,2,0,2,2,0,0,0,2,0,0,0,0,0,0,0,0,0,0
"304","63",10,"13-14",2,2,2,2,2,2,2,2,2,2,2,2,2,2,2,2,0,0,0,0,0,0,0,0,0
"305","63",11,"13-14",2,2,2,2,2,2,2,2,2,2,2,2,2,0,2,2,0,2,0,0,2,0,2,0,2
"306","63",12,"13-14",2,2,2,2,2,2,2,2,2,2,2,2,2,2,2,1,1,1,1,1,2,2,0,0,0
"307","63",13,"13-14",2,2,2,2,2,2,2,2,2,2,2,2,2,2,2,1,0,2,0,2,0,2,0,0,1
"308","63",14,"13-14",2,2,2,2,2,2,2,0,2,2,2,2,2,2,2,2,2,1,2,1,0,2,1,0,1
"309","63",15,"15-17",2,2,2,2,2,2,2,0,2,2,2,2,2,2,2,0,2,1,2,1,2,1,0,0,2
"310","64",1,"6-May",2,2,0,2,0,0,0,0,0,0,0,0,0,0,0,0,0,0,0,0,0,0,0,0,0
"311","64",2,"6-May",2,2,2,2,0,0,0,0,0,0,0,0,0,0,0,0,0,0,0,0,0,0,0,0,0
"312","64",3,"6-May",2,2,2,0,2,0,2,0,0,0,0,0,0,0,0,0,0,0,0,0,0,0,0,0,0
"313","64",4,"6-May",2,2,2,2,0,0,0,0,0,0,0,0,0,0,0,0,0,0,0,0,0,0,0,0,0
"314","64",5,"6-May",2,2,2,2,0,0,0,0,2,0,0,0,0,2,0,1,1,1,0,0,0,0,0,0,0
"315","64",6,"8-Jul",2,2,2,2,2,1,2,0,0,0,0,0,0,0,0,0,0,0,0,0,0,0,0,0,0
"316","64",7,"8-Jul",2,2,2,2,2,2,0,2,0,2,0,0,1,0,0,0,0,0,0,0,0,0,0,0,0
"317","64",8,"8-Jul",2,2,2,2,2,2,0,0,0,0,2,0,0,0,0,1,1,0,0,0,0,0,0,0,0
"318","64",9,"10-Sep",2,2,2,2,2,2,2,2,2,0,2,2,1,0,0,0,1,0,0,0,2,0,0,0,0
"319","64",10,"12-Nov",2,2,2,2,2,2,0,2,2,0,2,2,2,0,2,0,1,0,0,2,0,0,0,0,0
"320","65",1,"8-Jul",2,2,2,2,2,2,0,0,0,0,0,0,0,0,0,0,0,0,0,0,0,0,0,0,0
"321","65",2,"8-Jul",2,2,2,2,2,0,0,2,2,2,2,0,0,0,0,0,0,0,0,0,0,0,0,0,0
"322","65",3,"10-Sep",2,2,2,2,2,2,2,0,2,2,2,0,1,2,2,1,1,1,0,0,0,0,0,0,0
"323","65",4,"10-Sep",0,2,2,2,2,0,0,2,0,2,0,2,0,2,1,0,1,0,0,0,0,0,0,0,0
"324","65",5,"10-Sep",0,0,2,2,2,2,0,2,2,2,2,2,0,2,1,0,0,0,1,2,1,2,1,0,0
"325","65",6,"13-14",0,0,2,2,2,2,2,2,0,2,2,0,1,2,2,0,2,0,1,0,0,0,0,0,0
"326","66",1,"12-Nov",2,2,2,2,0,0,0,2,0,0,0,0,0,0,0,0,0,0,0,0,0,0,0,0,0
"327","68",1,"6-May",0,2,0,0,2,0,0,0,0,0,0,0,0,0,0,0,0,0,0,0,0,0,0,0,0
"328","68",2,"6-May",2,2,2,2,0,0,2,0,0,0,0,0,0,0,0,0,0,0,0,0,0,0,0,0,0
"329","68",3,"6-May",2,2,0,2,0,0,0,0,0,0,0,0,0,0,0,0,0,0,0,0,0,0,0,0,0
"330","68",4,"13-14",2,2,2,2,2,2,2,2,2,2,2,0,0,0,2,2,1,2,2,0,2,2,0,2,1
"331","68",5,"18-21",2,2,2,2,2,2,2,2,2,2,2,2,0,2,2,1,2,2,2,0,2,0,1,0,0
"332","69",1,"10-Sep",2,2,2,2,0,2,2,0,0,0,0,0,0,0,0,0,0,0,0,0,0,0,0,0,0
"333","69",2,"13-14",2,2,2,2,2,0,0,0,0,2,2,0,1,0,0,0,0,0,0,0,0,0,0,0,0
"334","69",3,"18-21",2,2,2,2,2,2,2,2,2,2,2,2,2,2,2,2,1,0,2,1,2,2,0,2,1
"335","69",4,"12-Nov",2,2,2,2,2,1,2,2,2,2,2,2,1,0,2,2,1,1,1,0,2,0,0,1,0
"336","69",5,"13-14",2,2,2,0,2,1,2,2,2,2,0,2,2,2,2,1,1,1,0,0,1,0,1,0,0
"337","69",6,"15-17",2,2,2,2,2,2,2,2,2,2,2,2,2,0,2,0,0,2,0,2,0,0,1,0,1
"338","69",7,"15-17",2,2,2,2,2,2,2,2,2,2,2,2,2,2,2,2,0,1,2,2,2,0,1,0,0
"339","69",8,"15-17",2,2,2,2,2,2,2,2,2,2,2,2,2,2,2,2,1,2,2,2,0,0,0,2,0
"340","69",10,"15-17",2,2,2,1,2,2,2,0,0,2,2,2,0,2,2,2,1,2,2,0,2,2,0,0,0
"341","69",11,"15-17",2,2,2,2,2,2,2,2,2,2,2,2,2,2,2,0,2,1,0,1,2,0,0,0,0
"342","69",12,"15-17",0,2,2,1,2,1,2,2,0,2,2,0,1,2,2,1,0,0,0,0,0,0,0,0,0
"343","69",13,"18-21",0,2,2,2,2,2,2,2,2,2,2,2,2,2,2,0,2,0,0,1,0,0,0,0,0
"344","69",14,"18-21",2,2,2,2,2,2,2,2,2,2,2,2,1,0,0,2,0,2,2,2,0,0,1,2,1
"345","69",15,"18-21",2,2,2,2,2,2,2,0,2,2,2,2,0,0,2,1,1,0,1,2,0,0,0,0,0
"346","69",16,"18-21",2,2,2,2,2,2,2,2,2,2,2,2,2,2,2,1,2,2,1,2,0,2,1,0,0
"347","69",17,"18-21",2,2,2,2,2,2,2,2,2,2,2,2,1,0,2,2,1,0,1,1,2,0,0,0,2
"348","69",18,"18-21",2,2,2,2,2,2,2,0,2,2,0,2,2,2,2,1,2,0,0,2,0,0,0,0,1
"349","69",19,"18-21",2,2,2,2,2,2,2,2,2,2,2,2,1,2,2,2,0,2,1,2,2,0,1,0,0
"350","69",20,"18-21",2,2,2,2,2,2,2,2,2,2,2,2,2,2,2,2,2,2,1,2,2,0,2,1,1
"351","71",1,"6-May",2,2,2,2,0,0,0,0,2,0,0,0,0,0,0,0,0,0,0,0,0,0,0,0,0
"352","71",2,"8-Jul",2,2,2,2,2,0,0,0,2,0,0,2,0,0,0,0,0,0,0,0,0,0,0,0,0
"353","71",3,"8-Jul",2,2,2,2,2,2,0,0,0,2,2,2,0,2,0,0,1,0,0,0,0,0,0,0,0
"354","71",4,"8-Jul",2,2,2,2,2,2,0,2,2,0,2,2,1,2,0,0,1,0,0,0,0,0,0,0,0
"355","71",5,"10-Sep",2,2,2,2,2,0,0,0,0,2,2,0,0,0,0,0,0,0,0,0,0,0,0,0,0
"356","71",6,"10-Sep",2,2,2,2,2,2,2,2,2,2,0,2,2,0,2,1,0,0,1,0,0,0,1,0,0
"357","71",7,"10-Sep",2,2,2,2,2,0,0,0,0,0,0,0,0,0,0,0,0,0,0,0,0,0,0,0,0
"358","71",8,"12-Nov",2,2,2,2,2,1,0,2,2,0,2,0,0,2,0,0,0,0,0,0,0,0,0,0,0
"359","71",9,"12-Nov",2,2,2,2,2,2,2,2,0,0,2,2,2,2,0,0,1,0,0,0,0,0,0,0,0
"360","71",10,"13-14",2,2,2,2,2,2,2,2,2,2,0,2,2,0,2,0,2,2,2,1,0,0,1,0,0
"361","71",11,"13-14",2,2,2,2,2,2,2,2,2,2,2,2,2,0,0,2,1,0,0,0,0,0,0,0,0
"362","71",12,"13-14",2,2,2,2,2,2,2,2,2,2,2,2,2,0,0,2,2,2,0,2,2,2,1,0,2
"363","71",15,"18-21",2,2,2,2,2,2,2,2,2,2,2,2,2,2,2,2,2,0,2,2,2,2,2,0,2
"364","72",1,"8-Jul",2,2,2,2,2,1,2,0,0,0,0,2,1,2,1,0,0,0,0,1,1,0,0,0,0
"365","72",2,"8-Jul",2,2,2,2,2,2,2,2,2,2,0,2,1,2,0,0,0,0,0,0,0,0,0,0,0
"366","72",3,"10-Sep",2,2,2,2,2,1,2,0,0,0,0,0,0,0,0,0,0,0,0,0,0,0,0,0,0
"367","72",4,"12-Nov",2,2,2,2,0,0,0,0,0,0,0,0,0,0,0,0,0,0,0,0,0,0,0,0,0
"368","72",5,"15-17",2,2,2,2,2,2,2,2,2,2,2,2,1,2,2,0,0,2,0,0,0,0,0,0,0
"369","72",6,"15-17",2,2,2,2,2,2,2,2,2,2,2,2,2,2,0,1,2,2,0,0,0,0,0,0,0
"370","74",1,"6-May",2,2,2,2,2,0,0,0,0,0,0,0,0,0,0,0,0,0,0,0,0,0,0,0,0
"371","74",2,"10-Sep",2,2,2,2,2,2,0,0,0,0,2,0,0,2,0,0,0,0,0,0,0,0,0,0,0
"372","74",3,"12-Nov",2,2,2,2,2,2,2,2,0,2,2,2,0,2,2,0,2,2,0,2,2,1,1,2,2
"373","74",4,"13-14",2,2,2,2,2,2,0,0,2,2,2,2,0,2,2,0,1,1,0,1,0,1,0,0,0
"374","74",5,"13-14",2,2,2,2,2,2,2,2,2,2,2,2,2,2,2,0,2,0,0,0,0,0,0,0,0
"375","75",1,"6-May",2,2,2,2,0,0,0,2,0,0,0,0,1,0,0,0,0,0,0,0,0,0,0,0,0
"376","75",2,"6-May",2,2,2,2,0,0,0,0,0,0,0,0,0,0,0,0,0,0,0,0,0,0,0,0,0
"377","75",3,"6-May",0,2,2,2,0,0,0,2,0,2,2,2,0,0,2,1,1,2,2,2,2,0,2,0,0
"378","75",4,"10-Sep",2,2,2,2,2,2,2,2,0,2,2,2,0,2,2,2,0,2,0,0,0,0,1,0,0
"379","75",5,"12-Nov",2,2,2,2,2,2,2,2,2,0,2,2,2,2,2,1,0,0,0,0,0,0,0,0,0
"380","75",6,"15-17",2,2,2,2,2,2,2,2,0,2,2,2,2,2,2,2,2,2,1,2,2,0,0,0,1
"381","75",7,"15-17",2,2,2,2,2,2,2,2,2,2,2,0,2,2,2,2,2,0,0,0,0,1,0,0,0
"382","75",8,"15-17",2,2,2,2,2,2,0,2,2,2,2,0,2,2,0,0,2,0,0,0,0,0,0,0,0
"383","76",1,"8-Jul",2,2,2,2,2,1,0,0,0,0,2,0,0,0,0,1,1,0,0,0,0,0,0,0,0
"384","76",2,"10-Sep",2,2,2,2,0,1,0,0,0,0,2,0,1,2,0,0,0,0,0,0,0,0,0,0,0
"385","76",3,"10-Sep",2,2,2,2,2,1,2,0,0,0,0,2,0,2,0,0,1,0,0,0,0,0,0,0,0
"386","76",4,"10-Sep",2,2,2,2,2,2,0,2,0,0,2,2,2,0,0,0,1,0,0,0,0,0,0,0,0
"387","76",5,"12-Nov",2,2,2,2,2,2,2,2,2,2,2,2,0,2,2,2,2,1,0,0,2,1,0,0,0
"388","76",6,"13-14",2,2,2,2,2,2,2,2,2,2,2,2,2,2,2,2,1,2,1,0,2,2,2,2,1
"389","76",7,"13-14",0,2,2,2,2,2,2,2,2,2,2,2,2,2,2,2,2,0,0,2,1,2,2,2,0
"390","76",8,"15-17",2,2,2,2,2,2,2,2,2,0,2,2,0,0,2,0,2,1,0,0,0,0,1,0,0
"391","76",9,"18-21",2,2,2,2,2,2,2,0,0,0,2,0,1,2,2,1,1,0,0,0,0,0,0,0,0
"392","76",10,"18-21",2,2,2,2,2,2,2,0,2,0,2,2,2,2,2,2,2,2,1,2,0,0,0,0,1
"393","77",1,"15-17",2,2,2,2,2,2,2,2,2,2,2,2,2,2,2,0,2,2,2,2,2,0,2,2,1
"394","77",2,"15-17",2,2,2,2,2,2,2,2,2,2,2,2,2,2,2,2,2,0,2,2,2,0,2,2,2
"395","77",3,"15-17",2,2,2,2,2,2,2,0,0,2,0,2,2,2,2,1,2,0,1,2,0,0,0,1,1
"396","77",4,"15-17",2,2,2,2,2,2,2,2,2,2,0,2,0,2,2,1,0,2,0,2,2,0,2,2,2
"397","77",5,"15-17",2,2,2,2,2,2,2,2,2,0,2,2,2,2,2,1,2,1,0,0,2,2,1,0,1
"398","77",6,"15-17",2,2,2,2,2,2,2,2,2,2,2,0,2,2,2,0,2,0,0,0,2,0,0,0,0
"399","77",7,"15-17",2,2,2,2,2,0,2,2,0,2,2,2,0,2,2,2,2,0,1,2,2,0,0,2,0
"400","77",8,"18-21",2,2,2,2,2,2,2,2,0,2,2,0,1,2,1,1,0,2,1,2,2,0,0,1,0
"401","77",9,"18-21",2,2,2,2,2,2,2,2,2,2,2,0,2,2,2,1,2,2,0,2,0,0,2,2,1
"402","77",10,"18-21",2,2,2,2,2,2,2,2,2,2,0,2,1,2,2,1,0,2,1,2,2,2,2,0,1
"403","78",1,"8-Jul",2,2,2,2,2,0,2,0,0,0,2,0,1,0,0,0,0,0,0,0,0,0,0,0,0
"404","78",2,"8-Jul",2,2,2,2,2,0,0,0,0,2,2,0,0,0,0,1,1,0,0,0,2,0,0,0,0
"405","78",3,"8-Jul",2,2,2,2,2,0,2,2,0,2,2,0,0,0,2,0,2,0,0,1,0,0,1,2,0
"406","78",4,"8-Jul",2,2,2,2,2,2,0,0,0,2,0,0,1,2,2,1,0,0,0,2,0,0,0,0,0
"407","78",5,"8-Jul",2,2,2,2,2,0,0,2,0,0,2,2,0,0,0,0,0,0,0,0,0,0,0,0,0
"408","78",6,"8-Jul",2,2,2,2,2,2,2,2,2,0,0,0,2,2,0,1,2,0,0,0,0,0,0,0,0
"409","78",7,"8-Jul",2,2,2,2,2,2,2,2,2,0,2,2,0,2,1,0,0,0,0,1,0,0,0,0,0
"410","78",8,"8-Jul",2,2,2,2,2,1,0,0,0,0,0,0,0,0,0,0,0,0,0,0,0,0,0,0,0
"411","78",9,"8-Jul",2,2,2,2,2,2,2,2,0,0,0,0,0,0,0,0,0,0,0,0,0,0,0,0,0
"412","78",10,"8-Jul",2,2,2,2,2,0,0,2,2,0,0,0,0,0,0,0,0,0,0,0,0,0,0,0,0
"413","79",1,"10-Sep",2,2,2,2,2,2,2,2,2,2,0,2,0,2,2,1,0,0,0,0,0,0,0,0,0
"414","79",2,"10-Sep",2,2,2,2,0,2,2,2,2,2,2,0,2,2,0,2,1,0,0,0,0,0,0,0,0
"415","79",3,"10-Sep",2,2,2,2,2,2,0,2,2,2,0,2,2,1,2,2,0,0,0,0,0,0,0,0,0
"416","79",4,"12-Nov",2,2,2,2,2,2,2,0,0,2,2,0,2,2,2,0,0,1,1,2,1,2,0,2,0
"417","79",5,"12-Nov",2,2,2,2,2,2,2,2,2,2,2,0,0,2,2,2,2,0,0,1,0,0,2,0,0
"418","79",6,"12-Nov",2,2,2,2,0,2,2,0,2,0,2,2,2,2,1,2,0,1,1,1,1,2,1,0,0
"419","79",7,"13-14",2,2,2,2,2,2,0,2,0,2,2,2,2,2,2,2,0,0,1,1,0,2,2,2,0
"420","79",8,"13-14",2,2,2,2,2,2,2,2,2,2,2,2,1,2,2,2,2,0,0,0,0,2,2,1,1
"421","79",9,"13-14",2,2,2,2,2,2,2,2,2,2,2,2,2,2,2,2,2,2,0,2,0,2,2,2,1
"422","79",10,"15-17",0,2,2,2,2,2,2,2,2,2,2,0,2,2,2,2,2,2,2,2,0,2,2,0,1
"423","80",1,"6-May",2,2,2,2,0,0,0,0,0,0,0,0,0,0,0,0,0,0,0,0,0,0,0,0,0
"424","80",2,"6-May",2,2,2,2,0,0,0,0,0,0,0,0,0,0,0,0,0,0,0,0,0,0,0,0,0
"425","80",3,"6-May",2,2,2,2,0,0,0,0,0,0,0,0,0,0,0,0,0,0,0,0,0,0,0,0,0
"426","80",4,"6-May",0,0,2,1,0,0,0,0,0,0,0,0,0,0,0,0,0,0,0,0,0,0,0,0,0
"427","80",6,"6-May",0,2,2,2,0,2,0,0,0,0,0,0,0,0,0,0,0,0,0,0,0,0,0,0,0
"428","80",7,"8-Jul",2,2,2,2,2,0,0,2,0,0,0,0,0,0,0,0,0,0,0,0,0,0,0,0,0
"429","80",8,"8-Jul",2,2,2,2,0,0,0,2,0,0,0,0,0,0,0,0,0,0,0,0,0,0,0,0,0
"430","80",9,"8-Jul",2,2,2,2,0,0,0,0,0,0,0,0,0,0,0,0,0,0,0,0,0,0,0,0,0
"431","80",10,"8-Jul",2,2,2,2,2,2,0,0,0,2,0,2,1,0,0,1,1,0,0,0,0,0,0,0,0
"432","80",11,"8-Jul",2,2,2,2,2,0,0,2,0,0,0,0,1,2,2,0,0,0,0,0,0,0,0,0,0
"433","80",12,"8-Jul",2,2,2,2,0,2,0,0,0,0,0,0,0,0,0,0,0,0,0,0,0,0,0,0,0
"434","81",1,"8-Jul",2,2,2,2,2,0,0,0,0,0,0,0,0,0,0,0,0,0,0,0,0,0,0,0,0
"435","81",2,"8-Jul",2,2,0,2,2,0,0,0,0,0,0,0,0,0,0,0,0,0,0,0,0,0,0,0,0
"436","81",3,"8-Jul",2,2,2,2,2,2,2,0,2,2,0,2,1,0,0,0,0,0,0,0,0,0,0,0,0
"437","81",4,"8-Jul",2,2,2,2,2,0,0,0,0,0,0,0,0,0,0,0,0,0,0,0,0,0,0,0,0
"438","81",5,"8-Jul",2,2,2,2,0,1,0,2,0,0,0,0,0,0,0,0,0,0,0,0,0,0,0,0,0
"439","81",6,"8-Jul",2,2,2,2,2,2,2,2,0,0,2,0,0,0,0,0,0,0,0,0,0,0,0,0,0
"440","81",7,"8-Jul",2,2,2,2,2,2,2,0,0,0,2,0,2,0,0,0,0,0,0,0,0,0,0,0,0
"441","81",8,"8-Jul",2,2,2,2,2,2,0,2,2,0,2,0,0,2,0,2,1,0,0,0,0,0,0,0,0
"442","81",9,"8-Jul",2,2,2,2,2,2,2,2,2,2,0,2,2,2,2,0,1,0,0,2,0,0,0,0,0
"443","81",10,"8-Jul",0,2,2,2,0,2,0,0,0,0,2,2,0,0,0,0,0,0,0,0,0,0,0,0,0
"444","81",11,"15-17",2,2,2,2,2,2,2,0,2,2,2,2,2,0,2,1,0,0,0,1,0,0,2,0,0
"445","81",12,"15-17",2,2,2,2,2,2,2,2,2,2,2,2,2,0,2,1,1,0,1,1,0,0,0,0,0
"446","81",13,"18-21",2,2,2,2,2,2,2,2,2,2,2,2,1,2,2,1,0,1,1,0,0,0,2,1,2
"447","81",14,"18-21",2,2,2,2,2,2,0,2,2,2,2,2,2,2,0,2,1,1,1,0,0,0,0,0,0
"448","81",15,"18-21",2,2,2,2,2,2,2,2,2,2,2,2,2,2,2,2,1,2,1,0,1,0,0,2,0
"449","82",1,"10-Sep",2,2,2,2,2,2,0,2,2,2,2,2,0,0,2,0,1,1,0,0,2,0,0,0,0
"450","82",2,"10-Sep",2,2,2,2,2,2,2,2,2,2,2,0,2,2,2,1,0,1,0,2,2,0,2,0,0
"451","82",3,"10-Sep",2,2,2,2,2,1,2,0,2,0,0,2,1,2,0,1,0,0,0,0,2,0,0,0,0
"452","82",4,"12-Nov",2,2,2,2,2,1,0,0,2,2,2,0,1,2,0,0,0,0,0,0,0,0,0,0,0
"453","82",5,"12-Nov",2,2,2,2,2,0,0,0,2,2,2,0,1,0,0,0,0,0,0,0,0,0,0,0,0
"454","82",6,"13-14",2,2,2,0,0,2,0,2,2,2,0,2,2,2,0,1,0,0,1,0,0,0,0,0,0
"455","82",7,"13-14",2,2,2,2,2,2,2,0,2,0,2,0,1,0,1,1,1,2,2,0,2,2,2,0,0
"456","82",8,"13-14",2,2,2,2,2,2,2,2,2,2,0,2,0,2,0,1,0,1,1,2,0,0,0,0,2
"457","82",9,"13-14",0,2,2,1,2,2,0,2,2,2,2,2,0,2,2,1,1,1,0,2,0,0,0,0,0
"458","82",10,"15-17",2,2,2,1,2,2,2,2,2,2,2,2,2,2,2,1,2,1,0,0,0,0,0,0,0
"459","83",1,"12-Nov",2,2,2,2,2,2,2,2,2,2,2,0,2,2,2,2,1,2,0,2,2,0,1,0,2
"460","83",2,"12-Nov",2,2,2,2,2,2,2,2,2,2,2,2,1,2,2,0,2,0,0,2,0,0,0,2,0
"461","83",3,"12-Nov",2,2,2,2,2,2,2,2,0,2,0,0,1,2,2,0,1,0,0,2,0,0,0,0,0
"462","83",4,"12-Nov",2,2,2,2,2,2,2,2,2,2,2,2,2,2,2,2,1,2,0,2,2,2,1,0,0
"463","83",5,"12-Nov",2,2,2,2,2,2,2,2,0,0,0,2,1,2,2,2,1,1,1,0,0,0,0,0,0
"464","83",6,"13-14",2,2,2,2,2,2,2,2,2,2,2,2,1,0,2,0,0,1,0,0,0,0,1,2,0
"465","83",7,"13-14",2,2,2,2,2,2,0,2,2,2,2,2,1,2,2,2,1,0,0,1,1,0,0,2,0
"466","83",8,"13-14",2,2,2,2,2,2,2,2,2,2,2,2,2,2,2,1,1,2,0,2,2,2,0,2,1
"467","83",9,"13-14",2,2,2,2,2,2,2,2,2,0,0,0,1,0,2,0,0,2,2,0,0,0,0,0,0
"468","83",10,"13-14",2,2,2,2,2,0,2,2,0,2,2,2,0,2,2,0,2,1,0,1,0,2,0,0,0
"469","84",1,"15-17",2,2,2,2,2,2,0,2,0,0,0,0,1,0,1,0,0,0,1,0,0,0,0,0,0
"470","84",2,"15-17",2,2,2,2,2,2,2,2,0,0,2,2,1,0,2,1,1,0,1,0,0,0,0,0,0
"471","84",3,"15-17",2,2,2,2,2,2,2,0,2,0,0,2,2,0,2,2,1,2,0,0,0,0,1,0,0
"472","84",4,"15-17",2,2,2,2,2,2,2,2,2,2,2,2,1,0,2,0,0,2,0,2,0,0,0,0,0
"473","84",5,"15-17",2,2,2,2,2,2,2,2,2,2,2,0,2,0,2,1,2,1,2,0,2,1,1,1,0
"474","84",6,"15-17",2,2,2,2,2,2,2,2,2,2,2,2,0,0,2,1,0,1,2,0,0,0,0,0,0
"475","84",7,"15-17",2,2,2,2,2,2,2,2,0,2,2,2,1,0,0,0,1,0,1,0,0,0,0,0,0
"476","84",8,"15-17",2,2,2,2,2,2,2,2,2,2,2,2,2,2,2,1,1,1,1,0,2,0,0,0,0
"477","84",9,"15-17",2,2,2,1,2,2,2,2,2,2,2,2,1,2,2,2,2,2,2,1,2,0,1,0,2
"478","84",10,"18-21",2,2,2,1,2,2,2,2,2,2,2,2,1,2,2,1,0,2,1,2,0,0,1,0,2
"479","84",11,"18-21",2,2,2,2,2,0,2,2,0,2,2,0,1,0,0,0,0,0,0,0,0,0,0,0,0
"480","85",1,"12-Nov",2,2,2,2,2,2,2,2,2,2,2,2,1,0,0,0,0,0,0,0,0,0,0,0,0
"481","85",2,"13-14",2,2,2,2,2,0,2,2,2,0,2,0,1,2,0,0,0,0,0,0,0,0,0,0,0
"482","86",1,"6-May",2,2,2,2,0,0,2,0,0,0,0,0,0,0,0,0,0,0,0,0,0,0,0,0,0
"483","86",2,"6-May",2,2,2,2,0,1,0,2,2,2,2,0,1,0,0,0,1,0,0,0,0,0,0,0,0
"484","86",4,"8-Jul",0,0,0,0,0,0,0,0,0,0,0,0,0,0,0,0,0,0,0,0,0,0,0,0,0
"485","86",7,"12-Nov",2,2,2,0,0,1,0,2,2,2,2,0,1,0,2,1,2,0,0,0,1,0,0,0,0
"486","86",8,"13-14",2,2,2,2,0,2,2,2,0,0,0,2,0,0,0,0,1,0,0,0,0,0,0,0,0
"487","86",9,"15-17",2,2,2,2,2,0,2,0,0,0,2,0,2,2,2,0,0,1,0,0,1,0,0,0,0
"488","86",10,"15-17",2,2,2,1,2,2,2,2,2,2,2,2,1,0,2,1,2,2,0,2,0,0,1,0,0
"489","87",1,"18-21",2,2,2,2,2,2,2,2,0,2,2,2,2,2,2,2,2,2,1,2,2,0,0,0,0
"490","87",2,"18-21",2,2,2,1,2,2,1,2,2,2,2,2,2,0,2,2,2,2,2,2,2,2,1,2,2
"491","87",3,"18-21",2,2,2,2,2,2,2,2,2,2,0,2,2,0,2,2,2,2,2,0,2,0,1,0,0
"492","87",4,"18-21",2,2,2,2,2,2,2,2,2,0,0,2,2,2,2,2,2,2,2,2,2,0,1,1,0
"493","87",5,"18-21",2,2,2,2,2,2,2,2,2,2,0,0,1,2,2,2,0,0,1,0,0,0,0,0,0
"494","87",6,"18-21",2,2,2,2,2,2,2,2,0,2,0,2,1,0,2,1,0,0,1,0,1,1,0,0,0
"495","87",7,"18-21",2,2,2,2,2,2,2,2,2,2,2,2,0,2,2,1,0,0,2,2,2,0,1,0,0
"496","88",1,"6-May",2,2,2,2,2,0,0,0,2,0,0,0,0,0,0,0,0,0,0,0,0,0,0,0,0
"497","88",2,"10-Sep",2,2,2,2,2,2,0,2,0,2,2,2,1,0,0,0,0,0,0,0,0,0,0,0,0
"498","88",3,"10-Sep",2,2,2,2,2,2,0,2,2,2,2,2,1,0,2,1,1,0,1,0,0,0,0,0,0
"499","88",4,"12-Nov",2,2,2,2,2,2,0,2,2,2,0,0,1,0,2,0,1,1,2,2,2,0,0,0,0
"500","88",5,"12-Nov",2,2,2,2,2,2,2,2,2,2,2,2,2,2,2,1,2,1,0,1,0,0,0,0,0
"501","88",6,"13-14",2,2,2,2,2,2,0,0,2,2,2,2,1,2,2,2,2,1,2,2,2,0,0,0,0
"502","88",7,"13-14",2,2,2,2,2,2,2,0,2,2,2,2,2,0,2,2,2,2,2,2,2,2,2,0,2
"503","88",8,"15-17",2,2,2,2,2,2,2,2,0,0,2,2,0,2,2,2,1,0,0,0,0,2,0,0,0
"504","88",9,"15-17",2,2,2,2,2,2,2,0,0,2,1,0,0,2,2,2,1,2,0,1,0,0,0,0,0
"505","90",1,"8-Jul",2,2,2,2,2,2,0,2,0,0,0,0,1,2,1,1,1,0,0,0,0,0,0,0,0
"506","90",2,"10-Sep",2,2,2,2,2,2,0,0,0,0,0,0,0,0,0,0,0,0,0,0,0,0,0,0,0
"507","90",3,"12-Nov",2,2,2,2,2,2,0,2,0,2,2,0,2,2,2,2,0,0,0,0,0,0,0,0,0
"508","90",4,"13-14",2,2,2,1,2,2,1,2,2,0,2,2,1,2,0,1,0,1,1,0,0,2,1,0,1
"509","90",5,"13-14",2,2,2,1,2,2,2,2,2,2,2,0,1,2,2,1,2,2,2,0,2,0,1,0,2
"510","90",6,"13-14",2,2,2,1,2,2,2,2,2,0,2,2,2,2,2,2,1,0,2,0,2,0,1,0,0
"511","90",7,"13-14",2,2,2,2,2,2,0,2,2,0,2,0,0,2,0,1,1,1,0,2,0,0,0,0,0
"512","90",8,"15-17",2,2,2,2,2,2,2,2,2,2,0,2,2,2,2,1,2,1,2,1,0,0,1,0,0
"513","90",9,"18-21",2,2,2,2,2,2,0,2,2,0,2,0,2,2,2,2,2,0,2,2,0,2,0,1,0
"514","90",10,"18-21",2,2,2,2,2,2,2,2,2,2,2,2,1,2,2,2,2,2,2,1,1,2,2,0,2
"515","91",1,"13-14",2,2,2,2,2,2,2,2,2,2,2,0,1,0,2,1,1,0,0,0,0,2,0,0,0
"516","91",2,"15-17",2,2,2,2,2,2,2,2,2,2,2,0,2,2,2,1,1,2,2,2,2,2,2,2,0
"517","91",3,"15-17",2,2,2,2,2,2,2,2,2,2,2,2,1,2,2,2,2,1,2,0,2,1,0,2,1
"518","91",4,"18-21",2,2,2,2,2,2,2,2,2,2,2,2,2,2,2,2,1,2,2,1,2,0,1,2,1
"519","92",1,"13-14",2,2,2,2,2,2,0,2,2,0,0,2,1,2,0,1,1,1,1,0,0,0,0,0,0
"520","92",2,"13-14",2,2,2,2,2,2,2,0,0,2,0,2,0,0,0,0,1,0,1,0,0,0,0,0,0
"521","92",3,"13-14",2,2,2,2,2,2,0,2,2,2,2,2,0,0,2,1,1,1,0,1,0,0,0,0,0
"522","92",4,"15-17",2,2,2,0,2,2,2,2,2,2,0,2,2,2,2,2,1,2,1,0,0,0,0,0,0
"523","92",5,"15-17",2,2,2,2,2,1,0,0,0,2,2,2,1,0,0,1,2,1,1,0,0,0,0,0,0
"524","92",6,"15-17",2,2,2,2,2,2,2,2,2,2,0,0,1,2,0,2,2,0,0,0,1,0,0,0,0
"525","92",8,"15-17",2,2,2,2,2,2,2,0,2,2,2,2,0,0,0,1,0,1,1,2,0,0,1,0,0
"526","92",9,"15-17",2,2,2,2,2,2,2,2,2,2,0,2,1,0,2,2,2,1,1,0,1,0,1,0,0
"527","92",10,"15-17",2,2,2,2,2,1,0,2,2,2,2,2,0,0,2,1,0,1,0,0,0,0,0,0,0
"528","92",11,"15-17",2,2,0,1,2,0,1,0,2,2,2,0,1,0,0,1,1,1,0,0,0,0,0,0,0
"529","93",1,"10-Sep",2,2,2,2,2,2,2,0,2,2,2,2,2,0,2,1,1,0,1,1,0,0,0,0,0
"530","93",2,"12-Nov",2,2,2,2,2,2,2,2,2,2,2,2,1,2,2,2,0,2,2,2,0,2,0,2,0
"531","93",3,"12-Nov",2,2,2,2,2,2,2,2,2,2,2,2,2,2,2,1,1,2,1,2,1,0,1,0,0
"532","93",4,"13-14",2,2,2,1,2,2,2,2,2,2,2,2,2,2,2,0,2,2,1,2,2,2,0,2,0
"533","93",5,"13-14",2,2,2,2,2,2,2,2,2,2,2,2,2,2,2,0,2,1,2,1,2,2,0,0,2
"534","93",6,"13-14",2,2,2,2,2,2,2,0,2,2,2,2,2,2,2,1,2,2,1,2,2,0,1,0,2
"535","93",7,"13-14",2,2,2,2,2,2,0,2,2,2,2,2,1,2,2,1,2,0,2,2,0,2,0,2,0
"536","93",8,"13-14",2,2,2,2,2,2,2,2,2,2,2,2,2,2,2,0,0,2,2,2,0,0,2,0,2
"537","93",9,"13-14",2,2,2,2,2,2,2,2,2,2,0,2,0,0,2,0,1,0,0,1,0,2,0,0,0
"538","93",10,"15-17",2,2,2,2,2,2,2,2,2,2,2,2,0,0,2,1,0,2,2,0,0,0,0,0,0
"539","94",1,"10-Sep",2,2,2,2,2,1,2,2,0,2,0,0,0,0,0,0,0,0,0,0,0,0,0,0,0
"540","94",2,"12-Nov",2,2,2,2,2,2,0,2,0,0,2,0,1,0,2,0,1,0,0,0,0,0,0,0,0
"541","94",3,"12-Nov",2,2,2,2,2,1,0,2,2,0,0,0,2,2,0,0,0,0,0,0,0,0,0,0,0
"542","94",4,"12-Nov",2,2,2,2,2,2,0,2,2,0,0,0,0,2,0,1,1,0,0,0,0,0,0,0,0
"543","94",5,"12-Nov",2,2,2,2,2,1,0,2,2,2,2,2,0,0,2,1,1,1,1,0,0,0,0,0,0
"544","94",6,"13-14",2,2,2,2,2,2,2,2,2,2,2,2,2,0,0,0,0,1,2,2,2,0,0,0,1
"545","94",7,"13-14",2,2,2,2,2,2,0,2,2,2,0,2,2,2,2,2,2,0,0,2,0,0,0,0,0
"546","94",8,"13-14",2,2,2,2,2,2,2,2,2,2,2,2,1,2,2,2,2,1,1,0,0,2,0,0,2
"547","94",9,"13-14",2,2,2,2,2,2,2,2,2,2,2,2,1,2,2,1,2,1,1,1,2,0,1,0,0
"548","94",10,"13-14",2,2,2,2,2,2,2,2,0,0,2,2,0,0,2,0,0,0,0,0,0,0,0,0,0
"549","95",1,"12-Nov",2,2,2,2,2,2,2,2,2,0,2,0,1,2,2,0,1,0,0,2,0,0,0,1,0
"550","95",2,"12-Nov",2,2,2,2,2,2,2,2,2,2,2,0,2,2,0,2,2,0,0,2,0,2,0,2,2
"551","95",3,"12-Nov",2,2,2,2,2,2,2,2,2,2,2,2,2,2,0,2,2,0,1,2,2,2,0,0,0
"552","95",4,"13-14",2,2,2,2,2,2,2,2,2,2,2,2,2,2,2,0,2,2,2,2,2,2,2,0,1
"553","95",5,"13-14",2,2,2,2,2,2,2,0,2,2,2,2,1,2,2,2,1,2,1,1,2,2,0,0,1
"554","95",6,"15-17",2,2,2,2,2,2,2,2,2,2,2,2,2,2,2,2,2,2,0,2,1,0,0,1,0
"555","95",7,"18-21",2,2,2,2,2,2,2,2,2,2,2,2,2,2,2,2,2,2,2,2,2,0,2,2,0
"556","95",8,"18-21",2,2,2,2,2,2,2,2,2,2,2,2,1,0,2,2,1,2,2,0,0,0,1,0,2
"557","96",1,"15-17",2,2,2,1,2,2,0,2,2,2,2,0,1,2,0,1,1,0,0,2,0,0,0,0,2
"558","96",2,"15-17",2,2,2,2,2,2,0,2,0,2,0,2,1,2,2,2,2,2,0,2,2,2,1,0,0
"559","96",3,"15-17",2,2,2,2,2,2,2,2,2,2,2,2,1,2,2,1,2,2,0,2,2,0,0,2,2
"560","96",4,"15-17",2,2,2,2,2,2,0,2,2,2,0,2,0,0,2,1,0,0,0,1,0,0,1,0,0
"561","96",5,"15-17",2,2,2,2,2,2,2,2,2,2,2,2,1,0,2,1,1,1,2,2,2,2,2,0,1
"562","96",6,"15-17",2,2,2,2,2,2,2,2,2,0,2,2,1,2,2,1,2,2,0,0,0,1,0,0,0
"563","96",8,"15-17",2,2,2,2,2,2,2,2,2,2,2,2,0,2,0,2,2,2,1,2,0,0,0,0,0
"564","96",9,"15-17",2,2,2,2,2,2,2,2,2,2,2,2,2,2,2,2,2,0,0,0,0,2,2,2,0
"565","96",10,"15-17",2,2,2,2,2,2,2,2,2,2,2,2,1,2,2,2,0,2,1,1,2,2,0,0,2
"566","97",1,"18-21",2,2,2,2,2,1,2,2,2,2,0,0,1,0,0,1,0,2,1,0,1,0,0,0,1
"567","97",2,"18-21",2,2,2,1,2,2,2,2,2,2,2,0,2,2,2,2,2,2,0,2,2,2,2,0,0
"568","97",3,"18-21",2,2,2,2,2,2,0,2,2,2,0,2,2,2,0,1,1,0,0,0,0,0,0,0,0
"569","97",4,"18-21",2,2,2,2,2,2,2,2,2,2,2,2,2,2,2,2,2,0,2,2,2,2,2,0,2
"570","97",6,"18-21",2,2,2,2,2,2,2,2,2,2,0,2,0,0,2,0,0,2,0,2,2,2,0,0,2
"571","97",7,"18-21",2,2,2,2,2,2,2,2,2,2,2,2,0,0,2,1,0,2,2,2,2,2,1,2,2
"572","97",8,"18-21",2,2,2,2,2,2,2,2,2,2,2,2,2,2,2,2,2,2,1,0,2,2,1,2,1
"573","97",11,"18-21",2,2,2,2,2,2,2,0,2,2,0,0,2,2,0,1,1,1,0,0,2,0,0,0,0
"574","97",12,"18-21",2,2,2,2,2,2,2,2,2,2,2,2,2,2,2,2,0,2,2,2,2,2,0,1,1
"575","97",13,"18-21",2,2,2,2,2,2,2,2,2,2,2,2,1,2,2,2,1,2,2,2,0,2,1,2,1
"576","98",1,"6-May",0,2,0,0,0,0,0,0,0,0,0,0,0,0,0,0,0,0,0,0,0,0,0,0,0
"577","98",2,"6-May",2,2,2,2,0,0,0,0,0,0,0,0,0,0,0,0,0,0,0,0,0,0,0,0,0
"578","98",3,"8-Jul",2,2,2,2,2,2,0,0,0,0,2,0,1,0,1,0,0,0,0,0,0,0,0,0,0
"579","98",4,"8-Jul",2,2,2,2,2,2,2,2,2,2,2,0,2,2,2,0,1,0,0,1,0,0,0,0,0
"580","98",5,"10-Sep",2,2,2,2,2,2,2,1,2,2,2,2,2,2,2,1,1,0,1,0,0,1,1,0,0
"581","98",6,"13-14",2,2,2,2,2,2,0,2,2,2,2,2,0,0,2,2,1,2,0,1,0,0,0,0,0
"582","98",7,"13-14",2,2,2,2,2,2,2,2,2,2,2,2,2,2,2,2,2,1,2,2,1,2,2,2,0
"583","98",8,"13-14",2,2,2,2,2,2,2,2,2,2,2,2,2,2,2,2,1,2,1,2,0,0,2,0,1
"584","98",9,"15-17",2,2,2,2,2,0,2,0,2,2,2,2,2,2,2,0,0,0,1,0,0,0,0,0,0
"585","98",10,"15-17",2,2,2,2,2,0,2,0,2,2,2,2,2,2,2,2,1,1,1,0,0,1,0,0,0
"586","98",11,"15-17",2,2,2,2,2,2,2,2,2,2,2,2,2,2,2,2,0,2,1,1,0,1,0,1,0
"587","98",12,"15-17",2,2,2,2,2,2,2,2,0,2,2,0,1,2,0,1,1,1,2,0,2,1,0,0,0
"588","98",13,"15-17",2,2,2,2,2,2,2,2,2,2,2,2,1,2,2,2,2,2,2,1,1,0,2,2,2
"589","98",14,"15-17",2,2,2,2,2,2,0,2,0,2,2,0,0,2,1,0,1,1,0,2,0,0,2,0,0
"590","99",1,"18-21",2,2,2,2,2,2,2,2,2,2,2,2,2,0,0,2,1,0,1,1,1,0,0,0,1
"591","99",2,"18-21",2,2,2,2,2,1,2,2,2,2,2,2,2,0,2,2,1,0,1,0,0,2,0,0,1
"592","99",3,"18-21",2,2,2,2,2,2,2,2,2,0,2,0,1,0,0,1,0,0,1,1,0,0,0,0,0
"593","99",4,"18-21",2,2,2,1,2,1,2,2,2,2,2,2,2,2,2,1,0,2,1,1,0,0,0,0,1
"594","99",5,"18-21",2,2,2,2,2,2,2,2,2,2,2,2,1,2,2,0,1,1,1,0,1,0,0,0,0
"595","99",6,"18-21",2,2,2,2,2,0,2,2,2,2,2,2,1,2,2,2,2,0,1,0,2,2,0,0,1
"596","99",7,"18-21",2,2,2,2,2,2,2,2,2,2,2,2,1,2,2,1,0,1,1,0,0,0,0,0,0
"597","99",8,"18-21",2,2,2,2,2,1,2,2,2,0,2,0,1,0,0,0,0,0,0,0,0,0,0,0,0
"598","100",1,"8-Jul",2,2,2,2,2,1,2,0,0,0,2,0,1,2,0,0,2,0,0,0,0,0,0,0,0
"599","100",2,"8-Jul",2,2,2,2,2,2,0,2,2,2,0,0,0,1,0,0,0,0,0,0,0,0,0,0,0
"600","100",3,"10-Sep",2,2,2,2,2,2,0,2,2,0,0,0,0,0,0,0,0,0,0,0,0,0,0,0,0
"601","100",4,"10-Sep",2,2,2,2,2,2,2,2,2,2,0,0,1,2,0,0,0,0,0,0,0,0,0,0,0
"602","100",5,"10-Sep",2,2,2,2,0,0,0,0,0,0,0,0,0,0,0,0,0,0,0,0,0,0,0,0,0
"603","100",6,"12-Nov",2,2,2,2,2,2,0,2,2,2,2,2,0,2,0,2,1,0,0,2,0,2,1,0,0
"604","100",7,"13-14",2,2,2,2,2,2,2,0,2,2,0,2,1,1,2,2,2,0,0,0,2,0,0,1,0
"605","100",8,"15-17",2,2,2,2,2,2,0,2,2,2,0,0,1,2,2,0,0,1,0,2,2,0,0,1,0
"606","101",1,"10-Sep",2,2,2,2,2,2,0,2,2,0,0,2,0,2,0,2,0,0,0,1,0,0,0,0,0
"607","102",1,"15-17",2,2,2,2,2,2,2,2,0,2,2,2,1,0,2,2,0,0,1,0,0,0,2,2,0
"608","102",2,"15-17",2,2,2,2,2,0,2,0,2,2,2,2,0,2,2,1,2,0,2,2,1,0,2,0,1
"609","102",3,"15-17",2,2,2,2,2,2,2,2,2,2,2,2,2,2,2,2,2,2,2,2,0,2,2,2,1
"610","102",4,"15-17",2,2,2,2,2,2,2,2,0,2,2,2,1,2,2,2,2,2,1,2,2,2,2,2,1
"611","102",5,"15-17",2,2,2,2,2,2,0,2,2,2,2,2,2,2,2,2,2,2,0,1,0,0,0,2,0
"612","18-1",1,"6-May",2,0,0,0,0,0,0,0,0,0,0,0,0,0,0,0,0,0,0,0,0,0,0,0,0
"613","18-1",2,"6-May",2,2,2,2,2,0,2,2,2,2,2,2,1,0,0,1,0,2,1,0,1,0,0,0,0
"614","18-1",3,"6-May",2,2,2,2,2,1,2,2,2,2,0,2,0,0,1,0,1,0,0,1,0,0,0,0,0
"615","18-1",4,"6-May",2,2,2,2,2,0,0,2,2,0,0,0,0,0,0,0,0,0,0,0,0,0,0,0,0
"616","18-1",5,"6-May",2,2,2,2,2,0,2,0,0,0,0,2,1,0,0,0,0,0,0,0,0,0,0,0,0
"617","18-1",6,"8-Jul",2,2,2,2,2,2,2,2,2,0,2,2,2,0,0,2,1,2,1,1,2,0,0,0,0
"618","18-1",7,"8-Jul",2,2,2,2,2,0,2,2,0,2,2,2,0,0,0,1,1,0,1,0,0,0,0,0,0
"619","18-1",8,"10-Sep",2,2,2,2,2,0,2,2,2,2,2,2,1,2,1,2,1,1,0,0,0,0,0,0,0
"620","18-1",9,"10-Sep",2,2,2,2,2,2,2,0,2,2,2,2,2,0,1,2,2,0,1,1,2,0,0,0,0
"621","18-1",11,"12-Nov",2,2,2,2,2,2,2,2,2,2,2,2,2,0,0,2,2,2,1,1,2,1,0,0,0
"622","18-2",1,"6-May",2,2,2,2,2,0,2,2,2,2,2,2,2,2,0,1,1,0,0,0,0,0,0,0,0
"623","18-2",2,"6-May",2,2,2,2,2,0,2,0,0,0,2,0,1,0,0,0,0,0,0,0,0,0,0,0,0
"624","18-2",3,"6-May",2,2,2,0,2,0,2,0,0,2,2,0,0,0,0,0,0,0,0,0,0,0,0,0,0
"625","18-2",4,"6-May",2,2,2,2,2,0,0,0,2,0,0,0,1,0,0,0,0,0,0,0,0,0,0,0,0
"626","18-2",5,"6-May",2,2,2,2,2,2,2,0,2,2,2,0,2,0,0,1,1,0,0,0,0,0,0,0,0
"627","18-2",6,"8-Jul",2,2,2,2,2,2,2,2,2,2,2,2,2,2,0,2,1,2,1,1,2,2,0,0,1
"628","18-2",7,"8-Jul",0,2,2,2,2,1,0,0,2,0,0,2,1,2,0,1,0,0,0,0,0,0,0,0,0
