Site,ID,X5,X3,X6,X7,X8,X19,X9,X11,X10,X17,X12,X16,X13,X14,X29,X23,X21,X33,X34,X30,X28,X35,X32,X37,X38,YearAdj1,site_id
1,1,2,2,2,2,2,2,0,2,0,0,2,0,2,2,0,1,1,0,0,0,0,0,0,0,0,10-Sep,1.1
3,1,2,2,2,2,2,2,2,2,2,2,2,0,2,2,2,0,2,0,0,0,0,0,0,0,1,12-Nov,3.1
3,2,2,2,2,2,2,2,2,2,2,0,2,2,1,2,2,0,0,0,1,1,0,0,0,0,0,12-Nov,3.2
3,4,2,2,2,2,2,2,2,2,2,2,2,2,2,2,2,2,0,2,1,0,1,0,0,1,1,12-Nov,3.4
3,5,2,2,2,2,2,2,2,2,2,2,2,2,1,2,2,1,1,0,1,0,0,0,0,0,0,12-Nov,3.5
3,6,2,2,2,2,2,2,2,2,2,2,2,2,1,2,2,1,0,2,1,0,0,0,0,1,0,13-14,3.6
3,8,2,2,2,2,2,2,2,2,2,2,2,2,1,2,2,1,1,2,0,0,0,2,2,2,0,13-14,3.8
3,9,2,2,2,2,2,2,2,2,2,2,2,2,1,2,2,0,2,1,1,0,2,0,0,0,0,13-14,3.9
3,10,2,2,2,2,2,2,2,0,2,2,2,2,1,2,1,1,0,0,1,0,2,1,0,0,0,13-14,3.1
14,1,2,2,2,2,2,2,2,2,2,2,2,2,2,2,0,1,1,2,1,2,0,0,0,0,0,10-Sep,14.1
14,3,2,2,2,2,2,2,2,2,0,0,0,0,1,0,0,0,0,0,0,0,0,2,0,0,0,10-Sep,14.3
14,4,2,2,2,2,2,0,0,2,0,2,0,0,0,2,0,1,1,0,0,1,0,0,0,0,0,10-Sep,14.4
14,5,2,2,2,2,2,1,0,2,0,0,2,2,1,0,0,1,0,1,0,0,0,0,0,0,0,10-Sep,14.5
14,6,2,2,2,2,2,1,2,0,0,2,0,2,0,2,0,1,0,0,0,0,0,0,0,0,0,10-Sep,14.6
14,7,2,2,2,2,2,2,0,0,2,0,0,0,1,0,0,1,0,0,0,0,0,0,0,0,0,10-Sep,14.7
14,9,2,2,2,2,0,2,2,2,2,2,0,0,1,2,0,0,0,1,0,1,0,0,0,0,0,12-Nov,14.9
15,1,2,2,2,2,2,2,0,2,2,0,2,2,1,2,0,0,1,0,0,0,0,0,0,0,0,6-May,15.1
15,2,2,2,2,2,2,1,2,0,0,0,0,0,0,2,0,0,0,0,0,1,0,0,0,0,0,8-Jul,15.2
15,3,2,2,2,2,2,2,2,0,2,2,2,2,2,2,2,0,0,1,0,1,0,1,1,0,0,8-Jul,15.3
15,4,2,2,2,2,2,2,2,2,2,2,2,2,1,2,2,0,0,2,1,1,0,0,0,0,0,8-Jul,15.4
15,5,2,2,2,2,2,0,0,0,0,0,2,2,0,2,2,0,0,2,2,1,0,2,2,0,0,10-Sep,15.5
15,6,2,2,2,0,0,2,0,2,0,0,2,2,0,2,2,0,0,1,0,0,2,0,0,0,0,10-Sep,15.6
15,7,2,2,2,2,2,2,2,2,0,2,2,2,1,2,0,1,0,0,0,0,0,0,0,0,0,10-Sep,15.7
15,8,2,2,2,2,2,2,2,0,2,0,0,2,2,2,2,1,1,1,1,2,0,2,0,2,1,10-Sep,15.8
15,9,2,2,2,2,2,2,0,2,2,2,2,2,0,1,1,2,2,1,1,2,2,2,2,0,0,10-Sep,15.9
15,10,2,2,2,1,0,0,2,1,2,2,2,0,2,2,1,0,2,2,2,2,2,0,1,2,0,10-Sep,15.1
15,11,2,2,2,2,2,2,0,2,0,0,2,0,2,2,2,0,2,2,0,0,0,2,2,1,1,10-Sep,15.11
15,12,2,2,2,2,2,2,2,2,2,2,2,2,2,2,0,0,2,0,0,2,0,0,0,0,0,12-Nov,15.12
15,13,2,2,2,2,2,2,2,2,2,2,0,2,2,2,2,1,2,2,0,0,0,2,0,0,0,12-Nov,15.13
19,1,2,2,2,2,2,2,0,2,2,2,2,0,1,2,0,2,2,2,0,0,0,0,0,0,0,13-14,19.1
19,2,2,2,2,2,2,2,2,2,2,2,0,2,2,2,2,2,1,2,1,1,0,0,1,2,0,13-14,19.2
19,3,2,2,2,2,2,2,2,2,2,2,2,2,1,2,2,1,1,0,1,0,1,1,1,0,0,13-14,19.3
23,1,2,2,2,2,0,0,0,0,0,0,0,0,0,0,0,0,0,0,0,0,0,0,0,0,0,6-May,23.1
23,2,2,2,2,2,0,0,2,0,0,0,0,0,0,0,0,0,0,0,0,0,0,0,0,0,0,6-May,23.2
23,3,2,2,2,2,2,0,2,0,0,0,0,0,0,0,0,0,0,0,0,0,0,0,0,0,0,6-May,23.3
23,4,2,2,2,2,0,0,0,0,0,0,0,0,0,0,0,0,0,0,0,0,0,0,0,0,0,6-May,23.4
23,5,2,2,2,2,0,0,0,0,0,0,2,0,0,0,0,0,0,0,0,0,0,0,0,0,0,6-May,23.5
23,6,2,2,2,2,0,0,2,0,0,0,0,0,0,0,0,0,0,0,0,0,0,0,0,0,0,6-May,23.6
23,7,0,2,0,2,0,0,0,0,0,0,0,0,0,0,0,0,0,0,0,0,0,0,0,0,0,6-May,23.7
23,8,2,2,2,2,2,0,0,0,0,0,0,0,0,0,0,0,0,0,0,0,0,0,0,0,0,6-May,23.8
23,9,2,2,2,2,0,0,0,2,0,0,0,0,0,0,0,0,0,0,0,0,0,0,0,0,0,6-May,23.9
23,10,2,2,2,2,0,0,0,0,0,0,2,0,1,2,0,0,0,0,0,0,0,0,0,0,0,6-May,23.1
25,1,2,2,2,2,0,0,2,0,0,2,0,0,1,0,0,0,0,0,0,0,0,0,0,0,0,8-Jul,25.1
25,2,2,2,2,2,2,2,0,0,2,0,0,0,1,0,2,0,1,0,0,0,0,0,0,0,0,8-Jul,25.2
25,3,2,2,2,2,2,1,0,2,0,0,2,2,2,0,0,1,0,2,0,1,0,0,0,0,0,10-Sep,25.3
25,4,2,2,2,2,2,2,0,0,0,2,2,0,1,0,2,2,1,0,0,0,2,0,0,0,1,10-Sep,25.4
25,5,2,2,2,2,0,1,0,0,0,0,0,0,0,0,0,0,1,0,0,0,1,0,0,0,0,10-Sep,25.5
25,6,2,2,2,2,2,2,0,2,0,2,0,0,1,0,0,0,1,0,0,0,0,0,0,0,0,10-Sep,25.6
29,1,2,2,2,1,2,2,2,2,2,2,2,2,0,2,2,1,0,1,1,1,0,0,0,1,0,15-17,29.1
29,2,2,2,2,2,2,2,2,2,2,2,2,2,2,2,2,2,1,1,1,0,2,0,2,0,0,15-17,29.2
29,3,2,2,2,2,2,2,2,2,2,2,2,2,0,0,1,0,0,2,1,0,1,0,0,0,0,15-17,29.3
29,4,2,2,2,1,2,2,2,2,2,0,2,0,0,2,2,0,2,0,0,2,0,0,0,0,1,15-17,29.4
29,5,2,2,2,2,2,2,0,2,2,0,2,2,1,2,2,2,0,1,2,1,0,0,0,2,2,15-17,29.5
29,6,2,2,2,2,2,2,2,2,2,2,2,2,1,0,2,1,0,2,0,2,2,0,2,2,0,15-17,29.6
29,7,2,2,2,2,2,2,2,2,2,2,2,2,0,2,2,2,2,0,1,1,0,0,2,2,2,15-17,29.7
29,8,2,2,2,2,2,2,2,2,2,2,2,2,1,2,2,1,2,0,1,2,2,0,0,0,0,18-21,29.8
29,9,2,2,2,2,2,2,2,0,2,2,2,2,1,0,2,2,2,2,0,2,0,2,0,0,0,18-21,29.9
30,1,2,2,2,2,2,2,2,0,0,2,2,2,1,2,2,2,2,1,1,2,2,0,0,0,0,12-Nov,30.1
30,2,2,2,2,2,2,2,2,2,2,2,2,2,0,2,0,2,1,1,0,2,0,2,1,2,0,12-Nov,30.2
30,3,2,2,2,2,2,2,2,2,2,2,2,2,1,2,2,0,1,2,1,1,1,2,1,0,0,12-Nov,30.3
30,4,2,2,2,2,2,2,2,2,2,2,2,2,1,2,2,2,2,2,1,0,0,0,0,0,1,12-Nov,30.4
30,5,2,2,2,2,2,2,2,2,2,0,0,2,0,2,0,1,2,0,0,1,0,0,1,0,0,12-Nov,30.5
30,6,2,2,2,2,2,2,2,2,2,2,0,2,1,2,2,1,0,0,0,1,0,0,1,0,0,13-14,30.6
30,7,2,2,2,2,2,2,2,2,2,2,2,2,2,2,2,2,2,2,2,2,2,2,2,2,2,13-14,30.7
30,8,2,2,2,2,2,2,2,2,2,2,2,2,2,0,2,2,2,2,2,2,2,0,1,0,0,13-14,30.8
30,9,2,2,2,2,2,2,2,2,2,2,2,2,2,2,0,1,2,0,2,1,0,0,0,2,1,13-14,30.9
30,10,2,2,2,2,2,2,2,0,0,0,2,2,2,2,2,2,2,1,0,2,0,0,1,2,1,13-14,30.1
34,1,2,2,2,2,2,2,2,0,0,2,2,0,0,0,2,2,0,0,0,0,0,0,0,0,0,10-Sep,34.1
34,2,2,2,2,2,2,2,2,2,2,0,2,0,0,2,0,1,0,1,0,0,0,0,0,0,0,10-Sep,34.2
34,3,2,2,2,2,2,0,0,0,0,0,0,0,0,0,0,0,0,0,0,0,0,0,0,0,0,10-Sep,34.3
34,4,2,2,2,2,2,2,2,2,0,2,2,0,0,2,0,2,0,0,0,0,0,0,0,0,0,10-Sep,34.4
34,5,2,2,2,2,2,2,2,2,2,2,0,0,1,2,0,0,0,0,1,0,0,0,0,0,0,10-Sep,34.5
34,6,2,2,2,2,2,2,2,0,0,2,2,0,0,2,0,0,0,0,0,0,0,0,0,1,0,12-Nov,34.6
34,7,2,2,2,2,2,1,0,0,0,0,2,2,0,0,0,0,2,0,0,0,0,0,0,0,0,12-Nov,34.7
34,8,0,2,2,2,2,1,2,2,0,2,0,0,2,2,2,1,0,1,1,2,0,0,0,0,0,12-Nov,34.8
34,9,2,2,2,2,2,2,2,2,0,2,2,2,0,2,0,2,1,0,0,0,2,0,0,1,0,12-Nov,34.9
34,10,2,2,2,2,2,2,2,2,2,0,2,2,1,2,2,0,1,0,0,0,2,0,1,0,0,12-Nov,34.1
35,1,2,2,2,2,0,0,0,0,0,0,0,0,0,0,0,0,0,0,0,0,0,0,0,0,0,6-May,35.1
35,2,2,2,2,2,2,0,0,0,0,2,0,0,0,0,0,0,0,0,0,0,0,0,0,0,0,6-May,35.2
35,3,2,2,2,2,0,0,0,0,0,0,0,0,0,0,0,0,0,0,0,0,0,0,0,0,0,6-May,35.3
35,4,2,2,2,2,0,0,0,0,0,0,0,0,0,0,0,0,0,0,0,0,0,0,0,0,0,6-May,35.4
35,5,2,2,0,0,2,0,0,0,0,0,0,0,0,0,0,0,0,0,0,0,0,0,0,0,0,6-May,35.5
35,6,2,2,2,2,0,0,0,0,0,0,0,0,0,0,0,0,0,0,0,0,0,0,0,0,0,6-May,35.6
35,7,2,2,0,2,0,1,0,0,0,2,0,0,1,0,0,0,0,0,0,0,0,0,0,0,0,6-May,35.7
35,8,2,2,0,2,0,0,0,0,2,0,0,0,0,0,0,0,0,0,0,0,0,0,0,0,0,6-May,35.8
35,9,2,2,2,2,2,0,0,0,0,0,0,0,0,0,0,0,1,0,0,0,0,0,0,0,0,6-May,35.9
35,10,2,2,0,0,0,0,0,0,0,0,0,0,0,0,0,0,0,0,0,0,0,0,0,0,0,6-May,35.1
35,11,2,2,2,2,2,0,0,2,0,2,2,0,1,0,0,0,0,0,0,0,0,0,0,0,0,6-May,35.11
35,12,2,2,2,2,2,0,2,2,2,0,2,0,2,0,0,0,0,0,0,0,0,0,0,0,0,6-May,35.12
35,13,2,2,2,2,2,0,2,2,0,0,0,0,1,0,0,0,0,0,0,0,0,0,0,0,0,6-May,35.13
35,14,2,2,0,0,0,0,0,0,0,0,0,0,0,0,0,0,0,0,0,0,0,0,0,0,0,6-May,35.14
35,15,2,2,2,2,2,0,0,2,2,2,2,0,1,0,0,0,0,0,0,0,0,0,0,0,0,6-May,35.15
35,16,2,2,2,2,2,0,0,0,0,0,0,0,1,0,0,0,0,0,0,0,0,0,0,0,0,6-May,35.16
35,17,2,2,2,1,2,0,0,0,0,0,0,0,0,0,0,0,0,0,0,0,0,0,0,0,0,6-May,35.17
35,18,2,2,2,0,0,0,0,0,0,0,0,0,0,0,0,0,0,0,0,0,0,0,0,0,0,8-Jul,35.18
35,19,2,0,0,0,0,0,0,0,0,0,0,0,0,0,0,0,0,0,0,0,0,0,0,0,0,8-Jul,35.19
35,20,2,2,2,2,2,0,0,2,2,0,0,0,0,0,0,0,0,0,0,0,0,0,0,0,0,8-Jul,35.2
36,1,2,2,2,2,2,2,2,2,2,2,2,2,2,2,2,1,1,2,0,1,0,0,2,0,0,15-17,36.1
36,2,2,2,2,2,2,2,2,2,2,2,2,2,1,2,2,2,1,2,0,0,0,0,2,0,0,15-17,36.2
37,1,2,2,2,2,2,2,2,2,0,2,2,2,0,2,2,2,1,2,1,2,2,0,0,0,0,12-Nov,37.1
37,2,2,2,2,2,2,2,0,2,2,2,0,2,0,2,2,1,0,1,1,1,0,0,0,0,0,12-Nov,37.2
37,3,2,2,2,2,2,2,0,0,2,0,2,0,1,2,2,1,0,0,1,1,0,1,0,2,0,12-Nov,37.3
37,4,2,2,2,2,2,2,2,2,2,2,2,2,2,2,2,2,2,1,1,2,1,0,2,0,1,12-Nov,37.4
37,5,2,2,2,2,2,2,2,2,2,2,2,2,2,2,2,2,2,2,2,2,2,2,2,2,1,12-Nov,37.5
37,6,2,2,2,2,2,2,0,2,2,2,2,2,1,2,2,1,2,1,0,2,0,0,2,0,0,13-14,37.6
37,7,2,2,2,2,2,2,2,2,2,0,2,2,2,2,2,2,2,2,2,2,2,2,2,2,2,15-17,37.7
37,8,2,2,2,2,2,2,2,2,2,2,2,2,2,2,2,1,2,2,2,2,2,2,2,2,2,18-21,37.8
38,1,2,2,2,1,2,2,1,2,2,2,2,2,0,2,2,2,2,2,1,1,2,1,1,2,0,18-21,38.1
38,2,2,2,2,2,2,2,2,2,2,2,2,2,1,2,2,2,0,2,2,1,2,0,1,0,1,18-21,38.2
38,3,2,2,2,2,2,2,2,2,2,2,2,2,2,2,2,1,2,2,2,1,2,2,0,0,1,18-21,38.3
38,4,2,2,2,2,2,2,2,2,2,2,2,2,0,2,2,0,2,0,1,1,2,1,0,0,1,18-21,38.4
38,5,2,2,2,2,2,1,2,0,2,2,2,2,1,2,1,1,1,1,1,0,2,0,0,0,0,18-21,38.5
38,6,2,2,2,2,2,2,2,2,2,2,2,2,1,2,2,1,1,2,1,1,1,0,1,0,0,18-21,38.6
39,1,2,2,2,2,2,2,2,0,2,2,2,2,2,2,2,1,0,0,0,1,0,0,0,0,0,8-Jul,39.1
39,2,2,2,2,2,2,2,2,2,2,0,0,0,1,2,0,0,0,0,0,1,0,0,0,0,0,8-Jul,39.2
39,3,2,2,2,2,0,2,0,2,2,2,0,2,1,2,2,2,0,2,1,1,2,0,0,2,0,8-Jul,39.3
39,4,2,2,2,2,2,2,0,0,0,2,0,2,0,2,0,0,0,0,0,0,0,0,2,0,0,10-Sep,39.4
39,5,2,2,2,2,2,2,2,2,2,2,2,2,0,2,2,2,2,0,2,2,0,2,0,2,0,10-Sep,39.5
39,6,2,2,2,2,2,2,0,0,2,0,2,2,0,2,0,2,0,2,2,0,0,0,0,0,0,10-Sep,39.6
39,7,2,2,2,2,2,2,0,2,2,2,2,0,1,0,2,0,0,0,0,0,0,0,0,0,0,10-Sep,39.7
39,8,2,2,2,2,2,2,0,0,2,0,0,0,0,0,0,0,0,0,0,0,0,0,0,0,0,10-Sep,39.8
39,9,2,2,2,2,2,2,2,2,2,2,2,2,2,2,2,0,2,1,2,2,2,2,2,2,2,13-14,39.9
40,1,2,2,2,2,2,2,2,2,2,2,2,0,1,2,2,0,0,1,0,0,0,0,0,0,0,12-Nov,40.1
40,2,2,2,2,2,2,2,0,2,2,2,2,2,1,2,2,1,0,0,0,0,0,0,0,0,0,12-Nov,40.2
40,3,2,2,2,2,2,2,2,2,2,2,2,2,1,2,2,0,1,0,0,0,1,1,0,0,0,12-Nov,40.3
40,4,2,2,2,2,2,2,0,0,2,2,2,2,1,2,0,1,0,0,2,0,0,0,0,0,0,12-Nov,40.4
40,5,2,2,2,2,2,2,2,2,2,2,2,2,2,2,2,2,0,0,1,1,0,0,0,0,0,12-Nov,40.5
40,6,2,2,2,2,2,2,2,2,2,2,2,2,1,2,2,1,2,2,0,1,0,0,0,0,0,15-17,40.6
40,7,2,2,2,2,2,2,0,2,2,0,2,2,2,2,2,2,1,0,0,1,2,0,1,0,0,15-17,40.7
40,8,2,2,2,2,0,2,0,2,2,2,2,0,0,0,0,0,1,0,0,0,0,0,0,0,0,15-17,40.8
40,9,2,2,2,2,2,2,2,2,2,0,2,2,1,0,2,2,0,1,0,0,0,0,0,0,0,15-17,40.9
40,10,2,2,2,2,2,2,2,2,2,0,0,2,0,2,2,0,1,0,0,0,2,0,0,0,0,15-17,40.1
41,1,0,2,2,2,2,2,2,0,0,2,0,0,0,0,0,1,1,0,0,0,0,0,0,0,0,8-Jul,41.1
41,2,2,2,2,2,2,2,0,2,0,2,2,2,2,2,2,1,0,1,0,1,0,0,0,0,0,10-Sep,41.2
41,3,2,2,2,2,2,2,2,2,2,2,2,0,2,2,2,0,1,2,1,0,0,0,2,0,0,10-Sep,41.3
41,4,2,2,2,2,2,2,0,0,2,0,2,0,0,2,0,0,1,1,0,2,0,0,0,0,0,12-Nov,41.4
41,5,2,2,2,2,2,2,2,2,2,2,2,2,0,2,2,2,2,2,0,2,2,2,2,0,0,12-Nov,41.5
41,6,2,2,2,2,2,2,0,0,2,2,0,2,0,2,2,1,1,1,0,0,2,0,0,0,0,12-Nov,41.6
41,7,2,2,2,2,2,2,2,2,2,2,0,0,0,2,2,2,0,0,1,2,1,0,2,1,0,12-Nov,41.7
41,8,2,2,2,2,2,2,2,2,2,2,2,2,0,2,0,2,0,2,0,0,0,0,0,0,0,12-Nov,41.8
42,1,2,2,2,2,2,0,0,0,0,0,0,0,0,0,0,0,0,0,0,1,0,0,0,0,0,8-Jul,42.1
42,2,2,2,2,2,2,0,0,0,0,0,0,0,1,0,0,0,0,0,0,0,0,0,0,0,0,10-Sep,42.2
42,3,2,2,2,2,2,0,0,0,2,0,0,0,1,2,0,0,0,0,0,0,0,0,0,0,0,12-Nov,42.3
42,4,2,2,2,2,2,2,2,0,0,2,0,0,1,0,0,0,0,0,0,0,0,0,0,0,0,12-Nov,42.4
42,5,2,2,2,2,2,2,0,0,0,0,0,0,0,2,0,0,0,0,0,0,0,0,0,0,0,12-Nov,42.5
43,1,2,2,2,2,2,0,2,0,0,0,2,0,1,2,0,1,1,0,0,0,0,0,0,0,0,8-Jul,43.1
43,2,2,2,2,2,2,2,0,2,2,0,0,0,0,0,0,0,1,0,0,0,0,0,0,0,0,8-Jul,43.2
43,3,2,2,2,2,0,2,2,0,2,2,2,2,0,2,0,1,0,0,0,0,0,0,0,0,0,8-Jul,43.3
43,4,2,2,2,2,2,1,0,0,0,0,2,0,0,0,0,1,1,0,0,0,0,0,0,0,0,8-Jul,43.4
43,5,2,2,2,2,2,2,0,2,2,0,0,2,0,0,0,0,2,0,0,0,2,0,0,0,0,8-Jul,43.5
43,7,2,2,2,2,2,2,0,2,0,0,0,0,0,0,0,0,1,0,0,0,0,0,0,0,0,8-Jul,43.7
43,8,2,2,2,2,2,0,2,2,0,0,2,0,1,0,0,0,0,0,0,0,0,0,0,0,0,8-Jul,43.8
44,1,2,2,2,2,2,0,2,2,2,0,0,2,0,0,0,0,0,0,0,0,0,0,0,0,0,8-Jul,44.1
44,2,2,2,2,2,2,1,2,0,0,0,0,2,0,0,2,1,0,1,0,0,0,0,0,0,0,10-Sep,44.2
44,3,2,2,2,2,2,2,0,2,0,2,2,2,0,0,1,0,0,0,0,0,0,0,1,0,0,12-Nov,44.3
44,4,2,2,2,2,2,2,2,2,2,2,2,0,2,2,0,0,1,1,0,1,0,0,2,2,0,13-14,44.4
44,5,2,2,2,2,2,2,0,0,2,2,2,2,1,0,1,1,1,0,0,0,0,0,0,0,0,13-14,44.5
45,1,2,2,2,2,2,2,0,0,0,2,0,2,0,0,2,1,0,1,0,0,0,0,0,0,0,8-Jul,45.1
45,2,0,2,2,2,2,2,0,2,2,2,2,0,1,2,0,0,2,1,1,0,0,0,0,0,0,8-Jul,45.2
45,3,2,2,2,2,2,2,0,0,0,2,2,2,1,2,2,1,0,0,1,0,0,0,0,0,0,8-Jul,45.3
45,4,2,2,2,2,2,1,0,0,2,2,0,0,1,1,2,1,0,1,1,0,0,0,0,0,0,8-Jul,45.4
45,5,2,2,2,2,0,0,2,0,2,2,2,2,0,0,2,1,1,0,0,1,0,0,0,0,0,8-Jul,45.5
45,6,2,2,2,2,0,2,0,2,2,0,0,0,0,2,0,1,1,0,0,0,0,0,0,0,0,8-Jul,45.6
45,7,2,2,2,2,2,1,2,2,2,2,2,0,1,2,0,0,0,0,1,0,0,0,0,0,0,8-Jul,45.7
45,8,2,2,2,2,2,2,2,0,2,0,2,2,0,2,2,2,2,0,0,0,0,0,0,0,0,8-Jul,45.8
47,1,2,2,2,2,2,2,0,0,0,2,2,2,1,2,0,0,0,0,0,0,0,0,0,0,0,8-Jul,47.1
47,2,2,2,2,2,2,0,0,0,0,0,2,0,0,0,0,0,0,0,0,0,0,0,0,0,0,8-Jul,47.2
47,3,2,2,2,2,0,0,0,2,0,0,0,0,0,0,0,0,1,0,0,0,0,0,0,0,0,8-Jul,47.3
47,4,2,2,2,0,0,0,0,0,0,0,0,0,1,0,0,0,0,0,0,2,0,0,0,0,0,10-Sep,47.4
47,5,2,2,2,2,0,0,0,0,0,0,2,2,0,0,0,0,0,0,0,0,0,0,0,0,0,10-Sep,47.5
47,6,2,2,2,2,2,2,0,0,0,2,0,2,1,0,0,0,0,0,0,0,0,0,0,0,0,10-Sep,47.6
47,7,0,2,2,2,0,2,0,2,2,0,0,2,1,2,0,0,1,1,0,0,0,0,0,0,0,10-Sep,47.7
48,1,2,2,2,2,0,2,0,0,0,0,0,2,1,0,0,0,0,0,0,0,0,0,0,0,0,6-May,48.1
48,2,2,2,2,2,0,0,0,0,0,0,0,0,0,0,0,0,0,0,0,0,0,0,0,0,0,6-May,48.2
48,3,2,2,2,2,2,0,0,2,0,2,0,0,0,0,0,0,0,0,0,0,0,0,0,0,0,6-May,48.3
48,4,2,2,2,2,2,0,0,0,0,0,2,0,0,2,0,0,1,0,0,0,0,0,0,0,0,6-May,48.4
48,5,2,2,2,2,2,0,0,0,0,0,0,0,0,0,0,0,0,0,0,0,0,0,0,0,0,6-May,48.5
48,6,2,2,2,0,0,0,2,0,0,0,2,0,2,2,0,0,0,0,0,0,0,0,0,0,0,6-May,48.6
48,7,2,2,2,2,0,0,0,0,0,0,0,2,0,0,0,0,0,0,0,0,0,0,0,0,0,6-May,48.7
48,8,2,2,2,2,2,1,2,0,0,2,2,0,1,0,0,1,1,0,0,0,0,0,0,0,0,6-May,48.8
48,9,2,2,2,2,2,1,0,0,0,0,0,2,0,0,0,1,0,0,0,0,0,0,0,0,0,6-May,48.9
49,1,2,2,2,1,2,2,1,2,2,2,2,2,2,2,2,2,2,0,1,2,0,2,0,2,1,18-21,49.1
49,2,2,2,2,1,2,2,2,2,2,2,2,2,0,2,2,2,2,2,1,2,0,0,0,0,0,18-21,49.2
49,3,2,2,2,2,2,2,0,2,2,2,2,2,1,2,2,0,2,2,2,0,0,0,1,0,1,18-21,49.3
49,4,2,2,2,2,2,2,2,2,2,2,2,2,2,2,2,2,1,2,1,2,0,0,1,2,2,18-21,49.4
49,5,2,2,2,2,2,2,2,2,2,2,2,2,2,2,2,1,0,1,1,2,0,0,1,0,2,18-21,49.5
49,6,2,2,2,1,2,2,2,2,2,2,2,0,1,0,2,1,0,0,0,2,0,0,0,0,2,18-21,49.6
49,7,2,2,2,2,0,2,0,2,0,2,2,2,2,2,2,1,0,2,0,1,0,0,0,2,0,18-21,49.7
49,8,2,2,2,1,2,2,2,0,2,0,2,2,1,2,2,2,2,0,0,2,2,2,0,2,0,18-21,49.8
49,9,2,2,2,2,2,2,0,2,2,2,2,2,2,2,2,2,2,2,2,2,2,0,1,0,2,18-21,49.9
49,10,2,2,2,2,2,2,2,2,0,2,2,2,2,2,2,2,0,2,0,2,2,0,1,1,1,18-21,49.1
50,1,2,2,2,2,2,2,2,2,2,2,2,2,2,2,2,0,1,2,2,1,2,0,1,2,2,18-21,50.1
50,2,2,2,2,2,2,2,2,0,2,2,2,2,2,2,2,1,1,0,1,2,0,0,0,0,0,18-21,50.2
50,3,2,2,2,2,2,2,0,2,0,2,2,2,1,2,0,1,0,0,0,0,0,0,0,0,0,18-21,50.3
50,4,2,2,2,0,2,2,2,2,2,2,2,2,1,2,2,1,0,2,0,2,2,0,1,2,1,18-21,50.4
51,1,2,2,2,2,0,0,0,2,0,0,2,0,1,0,0,0,0,0,0,0,0,0,0,0,0,6-May,51.1
51,2,0,2,2,2,0,1,0,0,0,2,0,0,0,2,0,0,0,0,0,0,0,0,0,0,0,6-May,51.2
51,3,2,2,2,2,2,1,2,0,2,2,0,0,0,0,0,1,1,0,0,1,0,0,0,0,0,6-May,51.3
51,4,2,2,2,1,2,0,0,2,0,0,0,0,1,2,0,0,1,0,0,0,0,0,0,0,0,6-May,51.4
51,5,2,2,2,2,0,1,2,0,2,0,0,0,0,0,0,0,0,0,0,0,0,0,0,0,0,6-May,51.5
51,6,2,2,2,2,2,1,0,0,0,2,0,0,0,0,0,0,0,0,0,0,0,0,0,0,0,6-May,51.6
51,7,2,2,2,2,0,0,0,0,0,0,0,0,0,0,0,0,1,0,0,0,0,0,0,0,0,6-May,51.7
51,8,2,2,2,2,0,2,0,0,0,0,0,2,1,2,0,1,1,0,0,0,0,0,0,0,0,6-May,51.8
51,9,0,2,2,2,2,1,2,0,0,2,2,0,0,0,0,2,0,0,0,0,0,0,0,0,0,6-May,51.9
51,10,2,2,2,2,2,0,2,0,0,0,0,2,1,0,0,0,1,0,0,0,0,0,0,0,0,6-May,51.1
52,1,2,2,2,2,2,2,2,2,2,2,2,2,2,0,0,2,0,0,0,0,0,0,0,0,0,10-Sep,52.1
52,2,2,2,2,2,0,0,0,0,0,0,0,0,0,0,0,2,1,0,0,0,0,0,0,0,0,10-Sep,52.2
52,3,2,2,2,2,2,2,2,2,0,2,2,2,1,2,2,1,1,0,0,0,2,0,0,0,0,10-Sep,52.3
52,4,2,2,2,2,2,2,2,2,0,2,0,2,2,0,0,0,1,2,0,0,0,2,1,1,0,10-Sep,52.4
52,5,2,2,2,2,2,2,0,0,0,2,0,2,0,0,1,0,1,0,0,0,2,0,0,0,0,10-Sep,52.5
52,6,2,2,2,2,2,2,2,2,2,2,2,0,1,2,0,2,2,0,0,2,0,2,0,0,0,12-Nov,52.6
52,7,2,2,2,2,2,2,0,2,2,0,2,0,0,2,2,1,2,1,0,2,0,0,1,0,0,12-Nov,52.7
52,8,2,2,2,2,2,2,0,2,2,0,0,2,1,2,2,2,1,0,0,1,0,2,0,0,0,12-Nov,52.8
52,9,2,2,2,2,2,2,2,2,2,2,2,2,1,2,2,1,1,0,1,0,0,0,0,0,0,12-Nov,52.9
52,10,2,2,2,2,2,2,2,0,2,0,2,2,1,2,2,2,0,2,0,2,2,2,1,2,2,12-Nov,52.1
53,1,2,2,2,2,2,2,2,2,2,2,0,0,2,2,0,1,0,0,0,0,0,0,0,0,0,8-Jul,53.1
53,2,2,2,2,2,2,2,0,2,0,2,2,2,0,2,2,2,0,0,0,0,0,1,0,0,0,8-Jul,53.2
53,3,2,2,2,2,2,0,0,2,0,0,2,2,0,2,0,0,0,0,0,0,0,0,0,0,0,8-Jul,53.3
53,4,2,2,2,2,2,2,2,0,2,2,0,0,0,2,0,1,1,1,0,2,0,0,0,0,0,8-Jul,53.4
53,5,2,2,2,2,2,2,2,2,2,2,2,2,2,2,2,2,2,2,1,2,2,2,1,0,0,13-14,53.5
53,6,2,2,2,2,2,2,2,2,2,0,2,2,0,2,2,0,1,1,1,2,0,2,0,0,0,13-14,53.6
53,7,2,2,2,2,2,2,0,2,2,2,2,0,2,2,2,2,1,2,0,2,0,2,0,1,1,13-14,53.7
53,8,2,2,2,2,2,2,2,2,2,2,2,2,2,2,2,0,2,0,0,0,2,0,0,2,1,13-14,53.8
54,1,0,2,0,0,0,0,0,0,0,0,0,0,0,0,0,0,0,0,0,0,0,0,0,0,0,10-Sep,54.1
54,3,2,2,2,2,2,2,0,0,2,0,0,0,0,0,1,0,0,1,0,0,0,0,0,0,0,10-Sep,54.3
54,4,2,2,2,2,2,2,2,2,2,2,2,2,2,2,2,2,1,2,0,1,0,0,2,2,1,13-14,54.4
54,5,2,2,2,2,2,2,2,2,2,0,2,2,0,2,2,1,0,1,1,0,0,0,2,2,2,15-17,54.5
54,6,2,2,2,2,2,2,2,2,2,0,2,2,2,2,2,2,2,0,0,1,0,0,2,2,1,15-17,54.6
54,7,2,2,2,2,2,2,2,2,2,2,2,2,2,2,2,2,2,2,2,2,0,2,2,0,0,15-17,54.7
54,8,2,2,2,2,2,2,2,2,2,2,2,2,2,2,2,1,2,2,2,2,0,2,2,0,2,15-17,54.8
55,1,2,2,2,2,2,2,2,2,2,2,2,2,0,2,2,1,2,0,0,0,0,0,0,0,0,13-14,55.1
55,2,2,2,2,2,2,2,2,2,2,2,2,0,2,0,2,0,2,2,1,2,2,2,1,2,0,13-14,55.2
55,3,2,2,2,2,2,2,2,2,2,2,2,2,2,2,2,1,0,2,0,0,2,2,2,1,1,13-14,55.3
55,4,2,2,2,2,2,2,2,2,2,2,2,2,2,2,2,1,2,0,1,0,0,0,2,0,0,13-14,55.4
56,1,2,2,2,2,2,2,2,2,2,2,2,2,2,2,2,2,2,2,2,2,2,2,1,2,2,18-21,56.1
56,2,2,2,2,2,2,2,2,2,2,2,2,2,2,2,2,2,1,2,2,1,0,0,0,0,2,18-21,56.2
56,3,2,2,2,2,2,2,2,2,2,2,2,2,2,2,2,2,1,1,1,1,2,0,0,0,0,18-21,56.3
56,4,2,2,2,2,2,2,2,2,2,2,2,2,2,0,2,1,0,2,2,1,0,2,1,2,2,18-21,56.4
56,5,2,2,0,2,2,2,2,2,2,2,2,2,1,2,2,0,2,1,2,0,2,0,0,2,1,18-21,56.5
56,6,2,2,2,2,2,2,2,2,2,2,2,2,1,2,2,2,0,2,1,2,0,2,0,0,0,18-21,56.6
56,7,2,2,2,2,2,2,0,2,2,0,2,2,1,0,2,2,2,2,1,0,2,2,2,0,1,18-21,56.7
56,8,2,2,2,2,2,2,2,2,2,2,2,2,2,2,2,2,2,2,2,2,2,2,2,2,0,18-21,56.8
56,9,2,2,2,2,2,2,2,2,2,2,2,2,2,2,2,2,1,2,1,0,2,0,0,2,2,18-21,56.9
56,10,2,2,2,1,2,2,2,2,2,2,2,2,1,0,2,2,2,0,1,1,0,0,0,2,2,18-21,56.1
56,11,2,2,2,2,2,2,2,2,2,2,2,2,2,2,2,2,1,2,2,2,2,2,1,2,2,18-21,56.11
57,1,0,0,0,0,0,0,0,0,0,0,0,0,0,0,0,0,0,0,0,0,0,0,0,0,0,6-May,57.1
57,2,2,2,2,0,2,0,0,2,0,0,0,2,0,0,0,0,0,0,0,0,0,0,0,0,0,6-May,57.2
57,3,2,2,2,2,0,1,0,0,0,0,0,0,1,0,0,0,0,0,0,0,0,0,0,0,0,6-May,57.3
57,4,2,2,2,2,0,0,0,2,0,0,2,0,1,0,0,0,0,0,0,0,0,0,0,0,0,6-May,57.4
57,5,2,2,2,2,0,2,2,2,2,2,2,0,0,0,0,0,0,0,0,0,0,0,0,0,0,6-May,57.5
57,6,2,2,2,2,0,1,2,2,0,2,0,0,0,2,0,0,2,0,0,0,0,0,0,0,0,8-Jul,57.6
57,7,2,2,2,2,2,2,2,2,2,2,2,2,1,2,0,0,1,0,0,0,0,0,0,0,0,8-Jul,57.7
57,8,2,2,2,2,0,0,0,0,0,0,2,2,1,2,0,0,0,0,0,0,0,0,0,0,0,8-Jul,57.8
57,9,2,2,2,2,2,1,0,2,0,0,0,0,1,0,0,0,0,0,0,0,0,0,0,0,0,8-Jul,57.9
57,10,2,2,2,2,0,0,0,0,0,2,0,0,0,0,0,0,0,0,0,0,0,0,0,0,0,8-Jul,57.1
58,1,2,2,2,2,2,2,0,0,0,2,0,0,0,0,0,0,0,0,0,0,0,0,0,0,0,8-Jul,58.1
58,2,2,2,2,2,2,2,2,2,2,2,0,2,2,2,2,2,2,2,0,0,0,2,0,2,0,10-Sep,58.2
58,3,2,2,2,2,2,2,2,2,2,0,0,0,2,0,2,2,1,1,0,2,1,0,0,0,0,10-Sep,58.3
58,4,0,2,2,2,2,2,2,2,2,0,2,2,1,2,2,0,2,0,1,2,0,0,0,0,0,12-Nov,58.4
58,5,2,2,2,2,2,2,2,2,2,2,2,2,2,2,2,0,2,1,2,2,0,2,2,2,1,13-14,58.5
58,6,2,2,2,2,2,2,0,2,2,2,2,2,2,2,2,1,2,2,2,1,2,0,1,0,0,13-14,58.6
59,1,2,2,2,2,2,2,2,0,2,2,0,2,2,0,2,2,2,0,1,2,1,0,0,2,0,12-Nov,59.1
59,2,2,2,2,2,2,2,0,2,2,2,2,0,2,2,2,0,2,0,2,2,2,0,1,2,0,13-14,59.2
59,3,2,2,2,2,2,2,2,2,2,2,2,2,1,2,2,1,2,0,1,1,0,2,2,0,0,13-14,59.3
59,4,2,2,2,2,2,2,2,2,2,0,2,2,2,2,2,1,2,2,1,1,1,2,0,1,1,13-14,59.4
59,5,2,2,2,2,2,2,2,2,2,2,2,2,1,0,2,2,2,2,0,1,2,0,1,1,0,13-14,59.5
59,6,2,2,2,2,2,2,2,0,2,2,2,2,1,2,2,2,0,1,0,0,0,0,0,0,0,13-14,59.6
59,7,2,2,2,2,2,2,2,2,0,2,2,0,1,0,2,2,0,1,1,1,2,1,1,2,1,15-17,59.7
60,1,2,2,2,2,0,1,0,0,0,0,2,0,0,2,2,0,0,0,0,0,0,0,0,0,0,8-Jul,60.1
60,2,2,2,2,2,2,1,2,2,2,0,2,2,2,2,1,2,1,2,0,2,0,0,1,0,0,8-Jul,60.2
60,3,2,2,2,2,2,2,0,2,0,2,2,0,1,2,0,2,0,0,0,0,0,0,0,0,0,8-Jul,60.3
60,4,2,2,2,1,0,2,2,2,0,2,2,2,0,2,0,0,0,0,0,0,2,0,0,0,0,8-Jul,60.4
60,5,2,2,2,2,2,2,2,2,2,2,0,2,0,0,1,0,1,0,0,0,0,0,0,0,0,10-Sep,60.5
60,6,2,2,2,2,2,2,0,2,2,0,2,2,0,0,0,0,1,0,0,0,1,0,0,0,0,10-Sep,60.6
60,7,2,2,2,2,0,0,0,2,2,0,2,0,0,2,0,0,1,0,1,1,0,0,0,0,0,10-Sep,60.7
61,1,2,2,2,2,0,1,0,0,0,0,2,0,0,0,0,0,1,0,0,0,0,0,0,0,0,8-Jul,61.1
61,2,2,2,2,2,2,2,2,0,0,0,2,0,0,2,0,0,1,1,0,0,0,0,0,0,0,8-Jul,61.2
61,3,2,2,2,2,2,2,0,0,0,0,0,0,0,2,2,0,0,0,0,0,0,0,0,0,0,10-Sep,61.3
61,4,2,2,2,2,2,1,0,0,0,2,2,0,0,2,2,0,0,0,0,2,0,0,0,0,0,12-Nov,61.4
61,5,2,2,2,1,0,2,1,2,2,0,2,2,2,2,0,2,2,0,0,2,2,2,2,2,2,13-14,61.5
61,6,2,2,2,2,2,2,2,0,2,2,2,2,0,2,2,2,1,1,1,0,2,0,1,2,0,15-17,61.6
61,7,2,2,2,2,2,2,2,2,2,2,2,2,2,2,2,1,2,2,1,1,2,0,1,0,0,15-17,61.7
61,8,2,2,2,1,2,2,2,2,2,2,2,2,2,2,2,1,2,2,1,0,1,2,2,0,1,15-17,61.8
61,9,2,2,2,2,2,2,2,2,2,2,0,2,2,2,2,2,2,2,2,2,1,0,1,2,2,15-17,61.9
61,10,2,2,2,2,2,2,2,2,2,2,0,2,2,2,2,2,1,2,2,2,2,2,1,2,0,18-21,61.1
62,1,2,2,2,2,2,2,0,2,0,2,0,0,1,0,2,0,0,0,1,0,0,0,0,0,0,10-Sep,62.1
62,2,2,2,2,2,2,2,0,2,2,2,2,0,1,2,2,1,0,0,0,0,0,0,0,0,0,10-Sep,62.2
62,3,2,2,2,2,2,2,2,2,2,0,2,0,0,2,2,1,2,1,1,0,0,0,0,0,0,10-Sep,62.3
62,4,2,2,2,1,2,1,0,2,0,2,2,0,0,2,0,1,0,0,0,0,0,0,0,0,0,10-Sep,62.4
62,5,2,2,2,2,2,2,2,2,2,0,0,2,0,2,2,2,1,0,0,2,0,0,0,0,2,12-Nov,62.5
62,7,2,2,2,2,2,2,2,2,0,2,2,2,2,2,2,0,0,2,1,1,0,2,2,0,0,12-Nov,62.7
62,8,2,2,2,2,2,2,0,2,2,2,2,2,2,2,2,2,0,2,0,2,2,2,2,0,0,12-Nov,62.8
62,9,2,2,2,2,2,0,2,2,2,2,2,2,2,0,2,2,1,2,2,1,2,0,0,0,1,12-Nov,62.9
62,10,2,2,2,2,2,2,2,0,2,2,2,2,2,2,2,2,0,0,2,0,2,0,1,0,0,13-14,62.1
63,1,2,2,2,2,2,2,2,0,2,0,0,2,0,0,0,0,2,0,0,0,2,0,0,0,0,12-Nov,63.1
63,2,0,2,2,2,0,1,0,0,0,0,0,0,0,2,1,0,0,0,0,0,2,2,0,0,0,6-May,63.2
63,3,0,2,2,2,2,2,0,0,2,0,2,0,1,2,0,0,0,0,0,0,0,0,0,0,0,6-May,63.3
63,4,2,2,2,2,0,0,0,0,2,0,2,0,1,0,0,0,0,0,0,0,0,0,0,0,0,8-Jul,63.4
63,5,2,2,2,2,2,2,2,2,2,0,2,2,1,0,0,2,1,0,0,2,0,0,0,0,0,8-Jul,63.5
63,6,2,2,2,2,0,0,2,0,0,0,0,0,0,0,0,0,0,0,0,0,0,0,0,0,0,8-Jul,63.6
63,7,0,2,2,2,2,0,0,2,0,0,2,2,0,0,0,0,0,0,0,0,0,0,0,0,0,8-Jul,63.7
63,8,2,2,2,1,2,2,2,2,2,2,2,2,2,2,2,2,2,0,0,2,0,2,0,0,0,12-Nov,63.8
63,9,2,2,2,2,2,2,2,2,0,2,2,0,0,0,2,0,0,0,0,0,0,0,0,0,0,12-Nov,63.9
63,10,2,2,2,2,2,2,2,2,2,2,2,2,2,2,2,2,0,0,0,0,0,0,0,0,0,13-14,63.1
63,11,2,2,2,2,2,2,2,2,2,2,2,2,2,0,2,2,0,2,0,0,2,0,2,0,2,13-14,63.11
63,12,2,2,2,2,2,2,2,2,2,2,2,2,2,2,2,1,1,1,1,1,2,2,0,0,0,13-14,63.12
63,13,2,2,2,2,2,2,2,2,2,2,2,2,2,2,2,1,0,2,0,2,0,2,0,0,1,13-14,63.13
63,14,2,2,2,2,2,2,2,0,2,2,2,2,2,2,2,2,2,1,2,1,0,2,1,0,1,13-14,63.14
63,15,2,2,2,2,2,2,2,0,2,2,2,2,2,2,2,0,2,1,2,1,2,1,0,0,2,15-17,63.15
64,1,2,2,0,2,0,0,0,0,0,0,0,0,1,0,0,0,0,0,0,0,0,0,0,0,0,6-May,64.1
64,2,2,2,2,2,0,0,0,0,0,0,0,0,0,0,0,0,0,0,0,0,0,0,0,0,0,6-May,64.2
64,3,2,2,2,0,2,0,2,0,0,0,0,0,0,2,0,0,0,0,0,0,0,0,0,0,0,6-May,64.3
64,4,2,2,2,2,0,0,0,0,0,0,0,0,0,0,0,0,0,0,0,0,0,0,0,0,0,6-May,64.4
64,5,2,2,2,2,0,0,0,0,2,0,0,0,0,2,0,1,1,1,0,0,0,0,0,0,0,6-May,64.5
64,6,2,2,2,2,2,1,2,0,0,0,0,0,1,2,2,0,1,0,0,1,0,0,0,0,0,8-Jul,64.6
64,7,2,2,2,2,2,2,0,2,0,2,0,0,1,0,0,0,0,0,0,0,0,0,0,0,0,8-Jul,64.7
64,8,2,2,2,2,2,2,0,0,0,0,2,0,0,0,0,1,1,0,0,0,0,0,0,0,0,8-Jul,64.8
64,9,2,2,2,2,2,2,2,2,2,0,2,2,1,0,0,0,1,0,0,0,2,0,0,0,0,10-Sep,64.9
64,10,2,2,2,2,2,2,0,2,2,0,2,2,2,0,2,0,1,0,0,2,0,0,0,0,0,12-Nov,64.1
65,1,2,2,2,2,2,2,0,0,0,0,0,2,0,0,0,0,2,0,0,0,0,0,0,0,0,8-Jul,65.1
65,2,2,2,2,2,2,0,0,2,2,2,2,0,0,0,0,0,2,0,0,0,2,0,0,0,0,8-Jul,65.2
65,3,2,2,2,2,2,2,2,0,2,2,2,0,1,2,2,1,1,1,0,0,0,0,0,0,0,10-Sep,65.3
65,4,0,2,2,2,2,0,0,2,0,2,0,2,0,2,1,0,1,0,0,0,0,0,0,0,0,10-Sep,65.4
65,5,0,0,2,2,2,2,0,2,2,2,2,2,0,2,1,0,0,0,1,2,1,2,1,0,0,10-Sep,65.5
65,6,0,0,2,2,2,2,2,2,0,2,2,0,1,2,2,0,2,0,1,0,0,0,0,0,0,13-14,65.6
66,1,2,2,2,2,0,0,0,2,0,0,0,0,0,2,0,0,0,0,0,0,0,0,0,0,0,12-Nov,66.1
68,1,0,2,0,0,2,0,0,0,0,0,0,0,1,0,0,0,0,0,0,0,0,0,0,0,0,6-May,68.1
68,2,2,2,2,2,0,0,2,0,0,0,0,0,0,0,0,0,0,0,0,0,0,0,0,0,0,6-May,68.2
68,3,2,2,0,2,0,0,0,0,0,0,0,0,0,0,0,0,0,0,0,0,0,0,0,0,0,6-May,68.3
68,4,2,2,2,2,2,2,2,2,2,2,2,0,0,0,2,2,1,2,2,0,2,2,0,2,1,13-14,68.4
68,5,2,2,2,2,2,2,2,2,2,2,2,2,0,2,2,1,2,2,2,0,2,0,1,0,0,18-21,68.5
69,1,2,2,2,2,0,2,2,0,0,0,0,0,1,2,0,0,1,0,0,0,0,0,0,0,0,10-Sep,69.1
69,2,2,2,2,2,2,0,0,0,0,2,2,0,1,0,0,0,0,0,0,0,0,0,0,0,0,13-14,69.2
69,3,2,2,2,2,2,2,2,2,2,2,2,2,2,2,2,2,1,0,2,1,2,2,0,2,1,18-21,69.3
69,4,2,2,2,2,2,1,2,2,2,2,2,2,1,0,2,2,1,1,1,0,2,0,0,1,0,12-Nov,69.4
69,5,2,2,2,0,2,1,2,2,2,2,0,2,2,2,2,1,1,1,0,0,1,0,1,0,0,13-14,69.5
69,6,2,2,2,2,2,2,2,2,2,2,2,2,2,0,2,0,0,2,0,2,0,0,1,0,1,15-17,69.6
69,7,2,2,2,2,2,2,2,2,2,2,2,2,2,2,2,2,0,1,2,2,2,0,1,0,0,15-17,69.7
69,8,2,2,2,2,2,2,2,2,2,2,2,2,2,2,2,2,1,2,2,2,0,0,0,2,0,15-17,69.8
69,10,2,2,2,1,2,2,2,0,0,2,2,2,0,2,2,2,1,2,2,0,2,2,0,0,0,15-17,69.1
69,11,2,2,2,2,2,2,2,2,2,2,2,2,2,2,2,0,2,1,0,1,2,0,0,0,0,15-17,69.11
69,12,0,2,2,1,2,1,2,2,0,2,2,0,1,2,2,1,0,0,0,0,0,0,2,0,0,15-17,69.12
69,13,0,2,2,2,2,2,2,2,2,2,2,2,2,2,2,0,2,0,0,1,0,0,0,0,0,18-21,69.13
69,14,2,2,2,2,2,2,2,2,2,2,2,2,1,0,0,2,0,2,2,2,0,0,1,2,1,18-21,69.14
69,15,2,2,2,2,2,2,2,0,2,2,2,2,0,0,2,1,1,0,1,2,0,0,0,0,0,18-21,69.15
69,16,2,2,2,2,2,2,2,2,2,2,2,2,2,2,2,1,2,2,1,2,0,2,1,0,0,18-21,69.16
69,17,2,2,2,2,2,2,2,2,2,2,2,2,1,0,2,2,1,0,1,1,2,0,0,0,2,18-21,69.17
69,18,2,2,2,2,2,2,2,0,2,2,0,2,2,2,2,1,2,0,0,2,0,0,0,0,1,18-21,69.18
69,19,2,2,2,2,2,2,2,2,2,2,2,2,1,2,2,2,0,2,1,2,2,0,1,0,0,18-21,69.19
69,20,2,2,2,2,2,2,2,2,2,2,2,2,2,2,2,2,2,2,1,2,2,0,2,1,1,18-21,69.2
71,1,2,2,2,2,0,0,0,0,2,0,0,0,0,0,0,0,0,0,0,0,0,0,0,0,0,6-May,71.1
71,2,2,2,2,2,2,0,0,0,2,0,0,2,0,0,0,0,0,0,0,0,0,0,0,0,0,8-Jul,71.2
71,3,2,2,2,2,2,2,0,0,0,2,2,2,0,2,0,0,1,0,0,0,0,0,0,0,0,8-Jul,71.3
71,4,2,2,2,2,2,2,0,2,2,0,2,2,1,2,0,0,1,0,0,0,0,0,0,0,0,8-Jul,71.4
71,5,2,2,2,2,2,0,0,0,0,2,2,0,0,0,0,0,0,0,0,0,0,0,0,0,0,10-Sep,71.5
71,6,2,2,2,2,2,2,2,2,2,2,0,2,2,0,2,1,0,0,1,0,0,0,1,0,0,10-Sep,71.6
71,7,2,2,2,2,2,0,0,0,0,0,0,0,0,0,0,0,0,0,0,0,0,0,0,0,0,10-Sep,71.7
71,8,2,2,2,2,2,1,0,2,2,0,2,0,0,2,0,0,0,0,0,0,0,0,0,0,0,12-Nov,71.8
71,9,2,2,2,2,2,2,2,2,0,0,2,2,2,2,0,0,1,0,0,0,0,0,0,0,0,12-Nov,71.9
71,10,2,2,2,2,2,2,2,2,2,2,0,2,2,0,2,0,2,2,2,1,0,0,1,0,0,13-14,71.1
71,11,2,2,2,2,2,2,2,2,2,2,2,2,2,0,0,2,1,0,0,0,0,0,0,0,0,13-14,71.11
71,12,2,2,2,2,2,2,2,2,2,2,2,2,2,0,0,2,2,2,0,2,2,2,1,0,2,13-14,71.12
71,15,2,2,2,2,2,2,2,2,2,2,2,2,2,2,2,2,2,0,2,2,2,2,2,0,2,18-21,71.15
72,1,2,2,2,2,2,1,2,0,0,0,0,2,1,2,1,0,0,0,0,1,1,0,0,0,0,8-Jul,72.1
72,2,2,2,2,2,2,2,2,2,2,2,0,2,1,2,0,0,0,0,0,0,0,0,0,0,0,8-Jul,72.2
72,3,2,2,2,2,2,1,2,0,0,0,0,0,0,2,0,0,0,0,0,0,0,0,0,0,0,10-Sep,72.3
72,4,2,2,2,2,0,0,0,0,0,0,0,0,0,0,2,0,0,1,0,0,2,0,0,0,0,12-Nov,72.4
72,5,2,2,2,2,2,2,2,2,2,2,2,2,1,2,2,0,0,2,0,0,0,0,0,0,0,15-17,72.5
72,6,2,2,2,2,2,2,2,2,2,2,2,2,2,2,0,1,2,2,0,0,0,0,0,0,2,15-17,72.6
74,1,2,2,2,2,2,0,0,0,0,0,0,0,0,2,0,0,0,0,0,0,0,0,0,0,0,6-May,74.1
74,2,2,2,2,2,2,2,0,0,0,0,2,0,0,2,0,0,0,0,0,0,0,0,0,0,0,10-Sep,74.2
74,3,2,2,2,2,2,2,2,2,0,2,2,2,0,2,2,0,2,2,0,2,2,1,1,2,2,12-Nov,74.3
74,4,2,2,2,2,2,2,0,0,2,2,2,2,0,2,2,0,1,1,0,1,0,1,0,0,0,13-14,74.4
74,5,2,2,2,2,2,2,2,2,2,2,2,2,2,2,2,0,2,0,0,0,0,0,0,0,0,13-14,74.5
75,1,2,2,2,2,0,0,0,2,0,0,0,0,1,0,0,0,0,0,0,0,0,0,0,0,0,6-May,75.1
75,2,2,2,2,2,0,0,0,0,0,0,0,0,0,0,0,0,0,0,0,0,0,0,0,0,0,6-May,75.2
75,3,0,2,2,2,0,0,0,2,0,2,2,2,0,0,2,1,1,2,2,2,2,0,2,0,0,6-May,75.3
75,4,2,2,2,2,2,2,2,2,0,2,2,2,0,2,2,2,0,2,0,0,0,0,1,0,0,10-Sep,75.4
75,5,2,2,2,2,2,2,2,2,2,0,2,2,2,2,2,1,0,0,0,0,0,0,0,0,0,12-Nov,75.5
75,6,2,2,2,2,2,2,2,2,0,2,2,2,2,2,2,2,2,2,1,2,2,0,0,0,1,15-17,75.6
75,7,2,2,2,2,2,2,2,2,2,2,2,0,2,2,2,2,2,0,0,0,0,1,0,0,0,15-17,75.7
75,8,2,2,2,2,2,2,0,2,2,2,2,0,2,2,0,0,2,0,0,0,0,0,1,0,0,15-17,75.8
76,1,2,2,2,2,2,1,0,0,0,0,2,0,0,0,0,1,1,0,0,0,0,0,0,0,0,8-Jul,76.1
76,2,2,2,2,2,0,1,0,0,0,0,2,0,1,2,0,0,0,0,0,2,0,0,1,0,0,10-Sep,76.2
76,3,2,2,2,2,2,1,2,0,0,0,0,2,0,2,0,0,1,0,0,0,0,0,0,0,0,10-Sep,76.3
76,4,2,2,2,2,2,2,0,2,0,0,2,2,2,0,0,0,1,0,0,0,0,0,0,0,0,10-Sep,76.4
76,5,2,2,2,2,2,2,2,2,2,2,2,2,0,2,2,2,2,1,0,0,2,1,0,0,0,12-Nov,76.5
76,6,2,2,2,2,2,2,2,2,2,2,2,2,2,2,2,2,1,2,1,0,2,2,2,2,1,13-14,76.6
76,7,0,2,2,2,2,2,2,2,2,2,2,2,2,2,2,2,2,0,0,2,1,2,2,2,0,13-14,76.7
76,8,2,2,2,2,2,2,2,2,2,0,2,2,0,0,2,0,2,1,0,0,0,0,1,0,0,15-17,76.8
76,9,2,2,2,2,2,2,2,0,0,0,2,0,1,2,2,1,1,0,0,0,0,0,0,0,0,18-21,76.9
76,10,2,2,2,2,2,2,2,0,2,0,2,2,2,2,2,2,2,2,1,2,0,0,0,0,1,18-21,76.1
77,1,2,2,2,2,2,2,2,2,2,2,2,2,2,2,2,0,2,2,2,2,2,0,2,2,1,15-17,77.1
77,2,2,2,2,2,2,2,2,2,2,2,2,2,2,2,2,2,2,0,2,2,2,0,2,2,2,15-17,77.2
77,3,2,2,2,2,2,2,2,0,0,2,0,2,2,2,2,1,2,0,1,2,0,0,0,1,1,15-17,77.3
77,4,2,2,2,2,2,2,2,2,2,2,0,2,0,2,2,1,0,2,0,2,2,0,2,2,2,15-17,77.4
77,5,2,2,2,2,2,2,2,2,2,0,2,2,2,2,2,1,2,1,0,0,2,2,1,0,1,15-17,77.5
77,6,2,2,2,2,2,2,2,2,2,2,2,0,2,2,2,0,2,0,0,0,2,0,0,0,0,15-17,77.6
77,7,2,2,2,2,2,0,2,2,0,2,2,2,0,2,2,2,2,0,1,2,2,0,0,2,0,15-17,77.7
77,8,2,2,2,2,2,2,2,2,0,2,2,0,1,2,1,1,0,2,1,2,2,0,0,1,0,18-21,77.8
77,9,2,2,2,2,2,2,2,2,2,2,2,0,2,2,2,1,2,2,0,2,0,0,2,2,1,18-21,77.9
77,10,2,2,2,2,2,2,2,2,2,2,0,2,1,2,2,1,0,2,1,2,2,2,2,0,1,18-21,77.1
78,1,2,2,2,2,2,0,2,0,0,0,2,0,1,0,0,0,0,0,0,0,0,0,0,0,0,8-Jul,78.1
78,2,2,2,2,2,2,0,0,0,0,2,2,0,0,0,0,1,1,0,0,0,2,0,0,0,0,8-Jul,78.2
78,3,2,2,2,2,2,0,2,2,0,2,2,0,0,0,2,0,2,0,0,1,0,0,1,2,0,8-Jul,78.3
78,4,2,2,2,2,2,2,0,0,0,2,0,0,1,2,2,1,0,0,0,2,0,0,0,0,0,8-Jul,78.4
78,5,2,2,2,2,2,0,0,2,0,0,2,2,0,0,0,0,0,0,0,2,0,0,0,2,0,8-Jul,78.5
78,6,2,2,2,2,2,2,2,2,2,0,0,0,2,2,0,1,2,0,0,0,0,0,0,0,0,8-Jul,78.6
78,7,2,2,2,2,2,2,2,2,2,0,2,2,0,2,1,0,0,0,0,1,0,0,0,0,0,8-Jul,78.7
78,8,2,2,2,2,2,1,0,0,0,0,0,0,0,2,0,0,0,0,0,0,2,0,0,0,0,8-Jul,78.8
78,9,2,2,2,2,2,2,2,2,0,0,0,0,0,2,0,0,2,0,0,0,0,0,0,0,0,8-Jul,78.9
78,10,2,2,2,2,2,0,0,2,2,0,0,0,0,0,0,0,0,0,0,0,0,0,0,0,0,8-Jul,78.1
79,1,2,2,2,2,2,2,2,2,2,2,0,2,0,2,2,1,0,0,0,0,0,0,0,0,0,10-Sep,79.1
79,2,2,2,2,2,0,2,2,2,2,2,2,0,2,2,0,2,1,0,0,0,0,0,0,0,0,10-Sep,79.2
79,3,2,2,2,2,2,2,0,2,2,2,0,2,2,1,2,2,0,0,0,0,0,2,1,2,0,10-Sep,79.3
79,4,2,2,2,2,2,2,2,0,0,2,2,0,2,2,2,0,0,1,1,2,1,2,0,2,0,12-Nov,79.4
79,5,2,2,2,2,2,2,2,2,2,2,2,0,0,2,2,2,2,0,0,1,0,0,2,0,0,12-Nov,79.5
79,6,2,2,2,2,0,2,2,0,2,0,2,2,2,2,1,2,0,1,1,1,1,2,1,0,0,12-Nov,79.6
79,7,2,2,2,2,2,2,0,2,0,2,2,2,2,2,2,2,0,0,1,1,0,2,2,2,0,13-14,79.7
79,8,2,2,2,2,2,2,2,2,2,2,2,2,1,2,2,2,2,0,0,0,0,2,2,1,1,13-14,79.8
79,9,2,2,2,2,2,2,2,2,2,2,2,2,2,2,2,2,2,2,0,2,0,2,2,2,1,13-14,79.9
79,10,0,2,2,2,2,2,2,2,2,2,2,0,2,2,2,2,2,2,2,2,0,2,2,0,1,15-17,79.1
80,1,2,2,2,2,0,0,0,0,0,0,0,0,0,2,0,0,0,0,0,0,0,0,0,0,0,6-May,80.1
80,2,2,2,2,2,0,0,0,0,0,0,0,0,0,0,0,0,0,0,0,0,0,0,0,0,0,6-May,80.2
80,3,2,2,2,2,0,0,0,0,0,0,0,0,0,0,0,0,0,0,0,0,0,0,0,0,0,6-May,80.3
80,4,0,0,2,1,0,0,0,0,0,0,0,0,0,0,0,0,0,0,0,0,0,0,0,0,0,6-May,80.4
80,6,0,2,2,2,0,2,0,0,0,0,0,2,1,0,0,0,0,0,0,1,0,0,2,0,0,6-May,80.6
80,7,2,2,2,2,2,0,0,2,0,0,0,0,0,2,0,0,0,0,0,0,0,0,0,0,0,8-Jul,80.7
80,8,2,2,2,2,0,0,0,2,0,0,0,0,0,0,0,0,0,0,0,0,0,0,0,0,0,8-Jul,80.8
80,9,2,2,2,2,0,0,0,0,0,0,2,0,0,0,0,1,1,0,0,0,0,0,0,0,0,8-Jul,80.9
80,10,2,2,2,2,2,2,0,0,0,2,0,2,1,0,0,1,1,0,0,0,0,0,0,0,0,8-Jul,80.1
80,11,2,2,2,2,2,0,0,2,0,0,0,0,1,2,2,0,0,0,0,0,0,0,0,0,0,8-Jul,80.11
80,12,2,2,2,2,0,2,0,0,0,0,0,0,1,0,0,0,1,0,0,0,0,0,0,0,0,8-Jul,80.12
81,1,2,2,2,2,2,0,0,0,0,0,0,0,0,0,0,0,0,0,0,0,0,0,0,0,0,8-Jul,81.1
81,2,2,2,0,2,2,0,0,0,0,0,2,0,0,0,0,0,0,0,0,0,0,0,0,0,0,8-Jul,81.2
81,3,2,2,2,2,2,2,2,0,2,2,0,2,1,0,0,0,0,0,0,2,0,0,0,0,0,8-Jul,81.3
81,4,2,2,2,2,2,0,0,0,0,0,0,0,1,2,0,0,0,0,0,0,0,0,0,0,0,8-Jul,81.4
81,5,2,2,2,2,0,1,0,2,0,0,0,0,0,0,0,0,1,0,0,0,0,0,0,0,0,8-Jul,81.5
81,6,2,2,2,2,2,2,2,2,0,0,2,0,0,0,0,0,0,0,0,0,0,0,0,0,0,8-Jul,81.6
81,7,2,2,2,2,2,2,2,0,0,0,2,0,2,0,0,0,0,0,0,0,0,0,0,0,0,8-Jul,81.7
81,8,2,2,2,2,2,2,0,2,2,0,2,0,0,2,0,2,1,0,0,0,0,0,0,0,0,8-Jul,81.8
81,9,2,2,2,2,2,2,2,2,2,2,0,2,2,2,2,0,1,0,0,2,0,0,0,0,0,8-Jul,81.9
81,10,0,2,2,2,0,2,0,0,0,0,2,2,0,0,0,0,0,0,0,0,0,0,0,0,0,8-Jul,81.1
81,11,2,2,2,2,2,2,2,0,2,2,2,2,2,0,2,1,0,0,0,1,0,0,2,0,0,15-17,81.11
81,12,2,2,2,2,2,2,2,2,2,2,2,2,2,0,2,1,1,0,1,1,0,0,0,0,0,15-17,81.12
81,13,2,2,2,2,2,2,2,2,2,2,2,2,1,2,2,1,0,1,1,0,0,0,2,1,2,18-21,81.13
81,14,2,2,2,2,2,2,0,2,2,2,2,2,2,2,0,2,1,1,1,0,0,0,0,0,0,18-21,81.14
81,15,2,2,2,2,2,2,2,2,2,2,2,2,2,2,2,2,1,2,1,0,1,0,0,2,0,18-21,81.15
82,1,2,2,2,2,2,2,0,2,2,2,2,2,0,0,2,0,1,1,0,0,2,0,0,0,0,10-Sep,82.1
82,2,2,2,2,2,2,2,2,2,2,2,2,0,2,2,2,1,0,1,0,2,2,0,2,0,0,10-Sep,82.2
82,3,2,2,2,2,2,1,2,0,2,0,0,2,1,2,0,1,0,0,0,0,2,0,0,0,0,10-Sep,82.3
82,4,2,2,2,2,2,1,0,0,2,2,2,0,1,2,0,0,0,0,0,2,0,0,0,0,0,12-Nov,82.4
82,5,2,2,2,2,2,0,0,0,2,2,2,0,1,0,0,0,0,0,0,1,0,0,0,0,0,12-Nov,82.5
82,6,2,2,2,0,0,2,0,2,2,2,0,2,2,2,0,1,0,0,1,0,0,0,0,0,0,13-14,82.6
82,7,2,2,2,2,2,2,2,0,2,0,2,0,1,0,1,1,1,2,2,0,2,2,2,0,0,13-14,82.7
82,8,2,2,2,2,2,2,2,2,2,2,0,2,0,2,0,1,0,1,1,2,0,0,0,0,2,13-14,82.8
82,9,0,2,2,1,2,2,0,2,2,2,2,2,0,2,2,1,1,1,0,2,0,0,0,0,0,13-14,82.9
82,10,2,2,2,1,2,2,2,2,2,2,2,2,2,2,2,1,2,1,0,0,0,0,0,0,0,15-17,82.1
83,1,2,2,2,2,2,2,2,2,2,2,2,0,2,2,2,2,1,2,0,2,2,0,1,0,2,12-Nov,83.1
83,2,2,2,2,2,2,2,2,2,2,2,2,2,1,2,2,0,2,0,0,2,0,0,0,2,0,12-Nov,83.2
83,3,2,2,2,2,2,2,2,2,0,2,0,0,1,2,2,0,1,0,0,2,0,0,0,0,0,12-Nov,83.3
83,4,2,2,2,2,2,2,2,2,2,2,2,2,2,2,2,2,1,2,0,2,2,2,1,0,0,12-Nov,83.4
83,5,2,2,2,2,2,2,2,2,0,0,0,2,1,2,2,2,1,1,1,0,0,0,0,0,0,12-Nov,83.5
83,6,2,2,2,2,2,2,2,2,2,2,2,2,1,0,2,0,0,1,0,0,0,0,1,2,0,13-14,83.6
83,7,2,2,2,2,2,2,0,2,2,2,2,2,1,2,2,2,1,0,0,1,1,0,0,2,0,13-14,83.7
83,8,2,2,2,2,2,2,2,2,2,2,2,2,2,2,2,1,1,2,0,2,2,2,0,2,1,13-14,83.8
83,9,2,2,2,2,2,2,2,2,2,0,0,0,1,0,2,0,0,2,2,0,0,0,0,0,0,13-14,83.9
83,10,2,2,2,2,2,0,2,2,0,2,2,2,0,2,2,0,2,1,0,1,0,2,0,0,0,13-14,83.1
84,1,2,2,2,2,2,2,0,2,0,0,0,0,1,0,1,0,0,0,1,0,0,0,0,0,0,15-17,84.1
84,2,2,2,2,2,2,2,2,2,0,0,2,2,1,0,2,1,1,0,1,0,0,0,0,0,1,15-17,84.2
84,3,2,2,2,2,2,2,2,0,2,0,0,2,2,0,2,2,1,2,0,0,0,0,1,0,0,15-17,84.3
84,4,2,2,2,2,2,2,2,2,2,2,2,2,1,0,2,0,0,2,0,2,0,0,0,0,0,15-17,84.4
84,5,2,2,2,2,2,2,2,2,2,2,2,0,2,0,2,1,2,1,2,0,2,1,1,1,0,15-17,84.5
84,6,2,2,2,2,2,2,2,2,2,2,2,2,0,0,2,1,0,1,2,0,0,0,0,0,0,15-17,84.6
84,7,2,2,2,2,2,2,2,2,0,2,2,2,1,0,0,0,1,0,1,0,0,0,0,0,0,15-17,84.7
84,8,2,2,2,2,2,2,2,2,2,2,2,2,2,2,2,1,1,1,1,0,2,0,0,0,0,15-17,84.8
84,9,2,2,2,1,2,2,2,2,2,2,2,2,1,2,2,2,2,2,2,1,2,0,1,0,2,15-17,84.9
84,10,2,2,2,1,2,2,2,2,2,2,2,2,1,2,2,1,0,2,1,2,0,0,1,0,2,18-21,84.1
84,11,2,2,2,2,2,0,2,2,0,2,2,0,1,0,0,0,0,0,1,1,0,0,0,0,0,18-21,84.11
85,1,2,2,2,2,2,2,2,2,2,2,2,2,1,0,0,0,0,0,0,0,0,0,0,0,0,12-Nov,85.1
85,2,2,2,2,2,2,0,2,2,2,0,2,0,1,2,0,0,0,0,0,0,0,0,0,0,0,13-14,85.2
86,1,2,2,2,2,0,0,2,0,0,0,0,0,1,0,0,0,0,0,0,0,0,0,0,0,0,6-May,86.1
86,2,2,2,2,2,0,1,0,2,2,2,2,0,1,0,0,0,1,0,0,0,0,0,0,0,0,6-May,86.2
86,4,0,0,0,0,0,0,0,0,0,0,0,0,0,0,0,0,0,0,0,0,0,0,0,0,0,8-Jul,86.4
86,7,2,2,2,0,0,1,0,2,2,2,2,0,1,0,2,1,2,0,0,0,1,0,0,0,0,12-Nov,86.7
86,8,2,2,2,2,0,2,2,2,0,0,0,2,0,0,0,0,1,0,0,0,0,0,0,0,0,13-14,86.8
86,9,2,2,2,2,2,0,2,0,0,0,2,0,2,2,2,0,0,1,0,0,1,0,0,0,0,15-17,86.9
86,10,2,2,2,1,2,2,2,2,2,2,2,2,1,0,2,1,2,2,0,2,0,0,1,0,0,15-17,86.1
87,1,2,2,2,2,2,2,2,2,0,2,2,2,2,2,2,2,2,2,1,2,2,0,0,0,0,18-21,87.1
87,2,2,2,2,1,2,2,1,2,2,2,2,2,2,0,2,2,2,2,2,2,2,2,1,2,2,18-21,87.2
87,3,2,2,2,2,2,2,2,2,2,2,0,2,2,0,2,2,2,2,2,0,2,0,1,0,0,18-21,87.3
87,4,2,2,2,2,2,2,2,2,2,0,0,2,2,2,2,2,2,2,2,2,2,0,1,1,0,18-21,87.4
87,5,2,2,2,2,2,2,2,2,2,2,0,0,1,2,2,2,0,0,1,0,0,0,0,0,0,18-21,87.5
87,6,2,2,2,2,2,2,2,2,0,2,0,2,1,0,2,1,0,0,1,0,1,1,0,0,0,18-21,87.6
87,7,2,2,2,2,2,2,2,2,2,2,2,2,0,2,2,1,0,0,2,2,2,0,1,0,0,18-21,87.7
88,1,2,2,2,2,2,0,0,0,2,0,0,0,0,0,0,0,0,0,0,0,0,0,0,0,0,6-May,88.1
88,2,2,2,2,2,2,2,0,2,0,2,2,2,1,0,0,0,0,0,0,0,0,2,0,0,0,10-Sep,88.2
88,3,2,2,2,2,2,2,0,2,2,2,2,2,1,0,2,1,1,0,1,0,0,0,0,0,0,10-Sep,88.3
88,4,2,2,2,2,2,2,0,2,2,2,0,0,1,0,2,0,1,1,2,2,2,0,0,0,0,12-Nov,88.4
88,5,2,2,2,2,2,2,2,2,2,2,2,2,2,2,2,1,2,1,0,1,0,0,0,0,0,12-Nov,88.5
88,6,2,2,2,2,2,2,0,0,2,2,2,2,1,2,2,2,2,1,2,2,2,0,0,0,0,13-14,88.6
88,7,2,2,2,2,2,2,2,0,2,2,2,2,2,0,2,2,2,2,2,2,2,2,2,0,2,13-14,88.7
88,8,2,2,2,2,2,2,2,2,0,0,2,2,0,2,2,2,1,0,0,0,0,2,0,0,0,15-17,88.8
88,9,2,2,2,2,2,2,2,0,0,2,1,0,0,2,2,2,1,2,0,1,0,0,0,0,0,15-17,88.9
90,1,2,2,2,2,2,2,0,2,0,0,0,0,1,2,1,1,1,0,0,0,0,0,0,1,0,8-Jul,90.1
90,2,2,2,2,2,2,2,0,0,0,0,0,0,0,0,0,0,1,0,0,0,0,0,0,0,0,10-Sep,90.2
90,3,2,2,2,2,2,2,0,2,0,2,2,0,2,2,2,2,0,0,0,0,0,0,0,0,0,12-Nov,90.3
90,4,2,2,2,1,2,2,1,2,2,0,2,2,1,2,0,1,0,1,1,0,0,2,1,0,1,13-14,90.4
90,5,2,2,2,1,2,2,2,2,2,2,2,0,1,2,2,1,2,2,2,0,2,0,1,0,2,13-14,90.5
90,6,2,2,2,1,2,2,2,2,2,0,2,2,2,2,2,2,1,0,2,0,2,0,1,0,0,13-14,90.6
90,7,2,2,2,2,2,2,0,2,2,0,2,0,0,2,0,1,1,1,0,2,0,0,0,0,0,13-14,90.7
90,8,2,2,2,2,2,2,2,2,2,2,0,2,2,2,2,1,2,1,2,1,0,0,1,0,0,15-17,90.8
90,9,2,2,2,2,2,2,0,2,2,0,2,0,2,2,2,2,2,0,2,2,0,2,0,1,0,18-21,90.9
90,10,2,2,2,2,2,2,2,2,2,2,2,2,1,2,2,2,2,2,2,1,1,2,2,0,2,18-21,90.1
91,1,2,2,2,2,2,2,2,2,2,2,2,0,1,0,2,1,1,0,0,0,0,2,0,0,0,13-14,91.1
91,2,2,2,2,2,2,2,2,2,2,2,2,0,2,2,2,1,1,2,2,2,2,2,2,2,0,15-17,91.2
91,3,2,2,2,2,2,2,2,2,2,2,2,2,1,2,2,2,2,1,2,0,2,1,0,2,1,15-17,91.3
91,4,2,2,2,2,2,2,2,2,2,2,2,2,2,2,2,2,1,2,2,1,2,0,1,2,1,18-21,91.4
92,1,2,2,2,2,2,2,0,2,2,0,0,2,1,2,0,1,1,1,1,0,0,0,0,0,0,13-14,92.1
92,2,2,2,2,2,2,2,2,0,0,2,0,2,0,0,0,0,1,0,1,0,0,0,0,0,0,13-14,92.2
92,3,2,2,2,2,2,2,0,2,2,2,2,2,0,0,2,1,1,1,0,1,0,0,0,0,0,13-14,92.3
92,4,2,2,2,0,2,2,2,2,2,2,0,2,2,2,2,2,1,2,1,0,0,0,0,0,0,15-17,92.4
92,5,2,2,2,2,2,1,0,0,0,2,2,2,1,0,0,1,2,1,1,0,0,0,0,0,0,15-17,92.5
92,6,2,2,2,2,2,2,2,2,2,2,0,0,1,2,0,2,2,0,0,0,1,0,0,0,0,15-17,92.6
92,8,2,2,2,2,2,2,2,0,2,2,2,2,0,0,0,1,0,1,1,2,0,0,1,0,0,15-17,92.8
92,9,2,2,2,2,2,2,2,2,2,2,0,2,1,0,2,2,2,1,1,0,1,0,1,0,0,15-17,92.9
92,10,2,2,2,2,2,1,0,2,2,2,2,2,0,0,2,1,0,1,0,0,0,0,0,0,0,15-17,92.1
92,11,2,2,0,1,2,0,1,0,2,2,2,0,1,0,0,1,1,1,0,0,0,0,0,0,0,15-17,92.11
93,1,2,2,2,2,2,2,2,0,2,2,2,2,2,0,2,1,1,0,1,1,0,0,0,0,0,10-Sep,93.1
93,2,2,2,2,2,2,2,2,2,2,2,2,2,1,2,2,2,0,2,2,2,0,2,0,2,0,12-Nov,93.2
93,3,2,2,2,2,2,2,2,2,2,2,2,2,2,2,2,1,1,2,1,2,1,0,1,0,0,12-Nov,93.3
93,4,2,2,2,1,2,2,2,2,2,2,2,2,2,2,2,0,2,2,1,2,2,2,0,2,0,13-14,93.4
93,5,2,2,2,2,2,2,2,2,2,2,2,2,2,2,2,0,2,1,2,1,2,2,0,0,2,13-14,93.5
93,6,2,2,2,2,2,2,2,0,2,2,2,2,2,2,2,1,2,2,1,2,2,0,1,0,2,13-14,93.6
93,7,2,2,2,2,2,2,0,2,2,2,2,2,1,2,2,1,2,0,2,2,0,2,0,2,0,13-14,93.7
93,8,2,2,2,2,2,2,2,2,2,2,2,2,2,2,2,0,0,2,2,2,0,0,2,0,2,13-14,93.8
93,9,2,2,2,2,2,2,2,2,2,2,0,2,0,0,2,0,1,0,0,1,0,2,0,0,0,13-14,93.9
93,10,2,2,2,2,2,2,2,2,2,2,2,2,0,0,2,1,0,2,2,0,0,0,0,0,0,15-17,93.1
94,1,2,2,2,2,2,1,2,2,0,2,0,0,0,0,0,1,1,0,0,0,0,0,0,0,0,10-Sep,94.1
94,2,2,2,2,2,2,2,0,2,0,0,2,0,1,0,2,0,1,0,0,0,0,0,0,0,0,12-Nov,94.2
94,3,2,2,2,2,2,1,0,2,2,0,0,0,2,2,0,0,0,0,0,0,0,0,0,0,0,12-Nov,94.3
94,4,2,2,2,2,2,2,0,2,2,0,0,0,0,2,0,1,1,0,0,0,0,0,0,0,0,12-Nov,94.4
94,5,2,2,2,2,2,1,0,2,2,2,2,2,0,0,2,1,1,1,1,0,0,0,0,0,0,12-Nov,94.5
94,6,2,2,2,2,2,2,2,2,2,2,2,2,2,0,0,0,0,1,2,2,2,0,0,0,1,13-14,94.6
94,7,2,2,2,2,2,2,0,2,2,2,0,2,2,2,2,2,2,0,0,2,0,0,0,0,0,13-14,94.7
94,8,2,2,2,2,2,2,2,2,2,2,2,2,1,2,2,2,2,1,1,0,0,2,0,0,2,13-14,94.8
94,9,2,2,2,2,2,2,2,2,2,2,2,2,1,2,2,1,2,1,1,1,2,0,1,0,0,13-14,94.9
94,10,2,2,2,2,2,2,2,2,0,0,2,2,0,0,2,0,0,0,0,0,2,0,0,0,0,13-14,94.1
95,1,2,2,2,2,2,2,2,2,2,0,2,0,1,2,2,0,1,0,0,2,0,0,0,1,0,12-Nov,95.1
95,2,2,2,2,2,2,2,2,2,2,2,2,0,2,2,0,2,2,0,0,2,0,2,0,2,2,12-Nov,95.2
95,3,2,2,2,2,2,2,2,2,2,2,2,2,2,2,0,2,2,0,1,2,2,2,0,0,0,12-Nov,95.3
95,4,2,2,2,2,2,2,2,2,2,2,2,2,2,2,2,0,2,2,2,2,2,2,2,0,1,13-14,95.4
95,5,2,2,2,2,2,2,2,0,2,2,2,2,1,2,2,2,1,2,1,1,2,2,0,0,1,13-14,95.5
95,6,2,2,2,2,2,2,2,2,2,2,2,2,2,2,2,2,2,2,0,2,1,0,0,1,0,15-17,95.6
95,7,2,2,2,2,2,2,2,2,2,2,2,2,2,2,2,2,2,2,2,2,2,0,2,2,0,18-21,95.7
95,8,2,2,2,2,2,2,2,2,2,2,2,2,1,0,2,2,1,2,2,0,0,0,1,0,2,18-21,95.8
96,1,2,2,2,1,2,2,0,2,2,2,2,0,1,2,0,1,1,0,0,2,0,0,0,0,2,15-17,96.1
96,2,2,2,2,2,2,2,0,2,0,2,0,2,1,2,2,2,2,2,0,2,2,2,1,0,0,15-17,96.2
96,3,2,2,2,2,2,2,2,2,2,2,2,2,1,2,2,1,2,2,0,2,2,0,0,2,2,15-17,96.3
96,4,2,2,2,2,2,2,0,2,2,2,0,2,0,0,2,1,0,0,0,1,0,0,1,0,0,15-17,96.4
96,5,2,2,2,2,2,2,2,2,2,2,2,2,1,0,2,1,1,1,2,2,2,2,2,0,1,15-17,96.5
96,6,2,2,2,2,2,2,2,2,2,0,2,2,1,2,2,1,2,2,0,0,0,1,0,0,0,15-17,96.6
96,8,2,2,2,2,2,2,2,2,2,2,2,2,0,2,0,2,2,2,1,2,0,0,0,0,0,15-17,96.8
96,9,2,2,2,2,2,2,2,2,2,2,2,2,2,2,2,2,2,0,0,0,0,2,2,2,0,15-17,96.9
96,10,2,2,2,2,2,2,2,2,2,2,2,2,1,2,2,2,0,2,1,1,2,2,0,0,2,15-17,96.1
97,1,2,2,2,2,2,1,2,2,2,2,0,0,1,0,0,1,0,2,1,0,1,0,0,0,1,18-21,97.1
97,2,2,2,2,1,2,2,2,2,2,2,2,0,2,2,2,2,2,2,0,2,2,2,2,0,0,18-21,97.2
97,3,2,2,2,2,2,2,0,2,2,2,0,2,2,2,0,1,1,0,0,0,0,0,0,0,1,18-21,97.3
97,4,2,2,2,2,2,2,2,2,2,2,2,2,2,2,2,2,2,0,2,2,2,2,2,0,2,18-21,97.4
97,6,2,2,2,2,2,2,2,2,2,2,0,2,0,0,2,0,0,2,0,2,2,2,0,0,2,18-21,97.6
97,7,2,2,2,2,2,2,2,2,2,2,2,2,0,0,2,1,0,2,2,2,2,2,1,2,2,18-21,97.7
97,8,2,2,2,2,2,2,2,2,2,2,2,2,2,2,2,2,2,2,1,0,2,2,1,2,1,18-21,97.8
97,11,2,2,2,2,2,2,2,0,2,2,0,0,2,2,0,1,1,1,0,0,2,0,0,0,0,18-21,97.11
97,12,2,2,2,2,2,2,2,2,2,2,2,2,2,2,2,2,0,2,2,2,2,2,0,1,1,18-21,97.12
97,13,2,2,2,2,2,2,2,2,2,2,2,2,1,2,2,2,1,2,2,2,0,2,1,2,1,18-21,97.13
98,1,0,2,0,0,0,0,0,0,0,0,0,0,0,0,0,0,0,0,0,0,0,0,0,0,0,6-May,98.1
98,2,2,2,2,2,0,0,0,0,0,0,0,0,0,0,0,0,0,0,0,0,0,0,0,0,0,6-May,98.2
98,3,2,2,2,2,2,2,0,0,0,0,2,0,1,0,1,0,0,0,0,0,0,1,0,0,0,8-Jul,98.3
98,4,2,2,2,2,2,2,2,2,2,2,2,0,2,2,2,0,1,0,0,1,0,0,0,0,0,8-Jul,98.4
98,5,2,2,2,2,2,2,2,1,2,2,2,2,2,2,2,1,1,0,1,0,0,1,1,0,0,10-Sep,98.5
98,6,2,2,2,2,2,2,0,2,2,2,2,2,0,0,2,2,1,2,0,1,0,0,0,0,0,13-14,98.6
98,7,2,2,2,2,2,2,2,2,2,2,2,2,2,2,2,2,2,1,2,2,1,2,2,2,0,13-14,98.7
98,8,2,2,2,2,2,2,2,2,2,2,2,2,2,2,2,2,1,2,1,2,0,0,2,0,1,13-14,98.8
98,9,2,2,2,2,2,0,2,0,2,2,2,2,2,2,2,0,0,0,1,0,0,0,0,0,0,15-17,98.9
98,10,2,2,2,2,2,0,2,0,2,2,2,2,2,2,2,2,1,1,1,0,0,1,0,0,0,15-17,98.1
98,11,2,2,2,2,2,2,2,2,2,2,2,2,2,2,2,2,0,2,1,1,0,1,0,1,0,15-17,98.11
98,12,2,2,2,2,2,2,2,2,0,2,2,0,1,2,0,1,1,1,2,0,2,1,0,0,0,15-17,98.12
98,13,2,2,2,2,2,2,2,2,2,2,2,2,1,2,2,2,2,2,2,1,1,0,2,2,2,15-17,98.13
98,14,2,2,2,2,2,2,0,2,0,2,2,0,0,2,1,0,1,1,0,2,0,0,2,0,0,15-17,98.14
99,1,2,2,2,2,2,2,2,2,2,2,2,2,2,0,0,2,1,0,1,1,1,0,0,0,1,18-21,99.1
99,2,2,2,2,2,2,1,2,2,2,2,2,2,2,0,2,2,1,0,1,0,0,2,0,0,1,18-21,99.2
99,3,2,2,2,2,2,2,2,2,2,0,2,0,1,0,0,1,0,0,1,1,0,0,0,0,0,18-21,99.3
99,4,2,2,2,1,2,1,2,2,2,2,2,2,2,2,2,1,0,2,1,1,0,0,0,0,1,18-21,99.4
99,5,2,2,2,2,2,2,2,2,2,2,2,2,1,2,2,0,1,1,1,0,1,0,0,0,0,18-21,99.5
99,6,2,2,2,2,2,0,2,2,2,2,2,2,1,2,2,2,2,0,1,0,2,2,0,0,1,18-21,99.6
99,7,2,2,2,2,2,2,2,2,2,2,2,2,1,2,2,1,0,1,1,0,0,0,0,0,0,18-21,99.7
99,8,2,2,2,2,2,1,2,2,2,0,2,0,1,0,0,0,0,0,1,0,0,0,0,0,0,18-21,99.8
100,1,2,2,2,2,2,1,2,0,0,0,2,0,1,2,0,0,2,0,0,0,0,0,0,0,0,8-Jul,100.1
100,2,2,2,2,2,2,2,0,2,2,2,0,0,0,1,0,0,0,0,0,0,0,0,0,0,0,8-Jul,100.2
100,3,2,2,2,2,2,2,0,2,2,0,0,0,0,0,0,0,1,0,0,0,0,0,0,0,0,10-Sep,100.3
100,4,2,2,2,2,2,2,2,2,2,2,0,0,1,2,0,0,0,0,0,0,0,0,0,0,0,10-Sep,100.4
100,5,2,2,2,2,0,0,0,0,0,0,0,0,0,0,0,0,0,0,0,0,0,0,0,0,0,10-Sep,100.5
100,6,2,2,2,2,2,2,0,2,2,2,2,2,0,2,0,2,1,0,0,2,0,2,1,0,0,12-Nov,100.6
100,7,2,2,2,2,2,2,2,0,2,2,0,2,1,1,2,2,2,0,0,0,2,0,0,1,0,13-14,100.7
100,8,2,2,2,2,2,2,0,2,2,2,0,0,1,2,2,0,0,1,0,2,2,0,0,1,0,15-17,100.8
101,1,2,2,2,2,2,2,0,2,2,0,0,2,0,2,0,2,0,0,0,1,0,0,0,0,0,10-Sep,101.1
102,1,2,2,2,2,2,2,2,2,0,2,2,2,1,0,2,2,0,0,1,0,0,0,2,2,0,15-17,102.1
102,2,2,2,2,2,2,0,2,0,2,2,2,2,0,2,2,1,2,0,2,2,1,0,2,0,1,15-17,102.2
102,3,2,2,2,2,2,2,2,2,2,2,2,2,2,2,2,2,2,2,2,2,0,2,2,2,1,15-17,102.3
102,4,2,2,2,2,2,2,2,2,0,2,2,2,1,2,2,2,2,2,1,2,2,2,2,2,1,15-17,102.4
102,5,2,2,2,2,2,2,0,2,2,2,2,2,2,2,2,2,2,2,0,1,0,0,0,2,0,15-17,102.5
18-1,1,2,0,0,0,0,0,0,0,0,0,0,0,0,0,0,0,0,0,0,0,0,0,0,0,0,6-May,18-1.1
18-1,2,2,2,2,2,2,0,2,2,2,2,2,2,1,0,0,1,0,2,1,0,1,0,0,0,0,6-May,18-1.2
18-1,3,2,2,2,2,2,1,2,2,2,2,0,2,0,0,1,0,1,0,0,1,0,0,0,0,0,6-May,18-1.3
18-1,4,2,2,2,2,2,0,0,2,2,0,0,0,0,0,0,1,1,0,0,1,0,0,0,0,0,6-May,18-1.4
18-1,5,2,2,2,2,2,0,2,0,0,0,0,2,1,0,0,0,0,0,0,0,0,0,0,0,0,6-May,18-1.5
18-1,6,2,2,2,2,2,2,2,2,2,0,2,2,2,0,0,2,1,2,1,1,2,0,0,0,0,8-Jul,18-1.6
18-1,7,2,2,2,2,2,0,2,2,0,2,2,2,0,0,0,1,1,0,1,0,0,0,0,0,0,8-Jul,18-1.7
18-1,8,2,2,2,2,2,0,2,2,2,2,2,2,1,2,1,2,1,1,0,0,0,0,0,0,0,10-Sep,18-1.8
18-1,9,2,2,2,2,2,2,2,0,2,2,2,2,2,0,1,2,2,0,1,1,2,0,0,0,0,10-Sep,18-1.9
18-1,11,2,2,2,2,2,2,2,2,2,2,2,2,2,0,0,2,2,2,1,1,2,1,0,0,0,12-Nov,18-1.11
18-2,1,2,2,2,2,2,0,2,2,2,2,2,2,2,2,0,1,1,0,0,0,0,0,0,0,0,6-May,18-2.1
18-2,2,2,2,2,2,2,0,2,0,0,0,2,0,1,0,0,0,0,0,0,0,0,0,0,0,0,6-May,18-2.2
18-2,3,2,2,2,0,2,0,2,0,0,2,2,0,0,0,0,0,0,0,0,0,0,0,0,0,0,6-May,18-2.3
18-2,4,2,2,2,2,2,0,0,0,2,0,0,0,1,0,0,0,0,0,0,0,0,0,0,0,0,6-May,18-2.4
18-2,5,2,2,2,2,2,2,2,0,2,2,2,0,2,0,0,1,1,0,0,0,0,0,0,0,0,6-May,18-2.5
18-2,6,2,2,2,2,2,2,2,2,2,2,2,2,2,2,0,2,1,2,1,1,2,2,0,0,1,8-Jul,18-2.6
18-2,7,0,2,2,2,2,1,0,0,2,0,0,2,1,2,0,1,0,0,0,0,0,0,0,0,0,8-Jul,18-2.7
